Joule calculated,filename
186.2352,http1921681928000with_prefixpubmaticcompubmaticcom
395.7498,http1921681928000with_prefixpubmaticcompubmaticcom
201.7548,http1921681928000with_prefixpubmaticcompubmaticcom
212.61852000000002,http1921681928000with_prefixpubmaticcompubmaticcom
207.96264,http1921681928000with_prefixpubmaticcompubmaticcom
330.56748,http1921681928000with_prefixpubmaticcompubmaticcom
80.70192,http1921681928000with_prefixpubmaticcompubmaticcom
207.96264,http1921681928000with_prefixpubmaticcompubmaticcom
240.5538,http1921681928000with_prefixpubmaticcompubmaticcom
383.33412000000004,http1921681928000with_prefixpubmaticcompubmaticcom
395.7498,http1921681928000with_prefixpubmaticcompubmaticcom
206.41068,http1921681928000with_prefixpubmaticcompubmaticcom
211.06656,http1921681928000with_prefixpubmaticcompubmaticcom
398.85372,http1921681928000with_prefixpubmaticcompubmaticcom
211.06656,http1921681928000with_prefixpubmaticcompubmaticcom
389.54196,http1921681928000without_prefixpubmaticcompubmaticcom
377.12628,http1921681928000without_prefixpubmaticcompubmaticcom
80.39152800000001,http1921681928000without_prefixpubmaticcompubmaticcom
217.2744,http1921681928000without_prefixpubmaticcompubmaticcom
197.09892,http1921681928000without_prefixpubmaticcompubmaticcom
214.17047999999997,http1921681928000without_prefixpubmaticcompubmaticcom
212.61852000000002,http1921681928000without_prefixpubmaticcompubmaticcom
212.61852000000002,http1921681928000without_prefixpubmaticcompubmaticcom
214.17047999999997,http1921681928000without_prefixpubmaticcompubmaticcom
395.7498,http1921681928000without_prefixpubmaticcompubmaticcom
187.78716,http1921681928000without_prefixpubmaticcompubmaticcom
336.77532,http1921681928000without_prefixpubmaticcompubmaticcom
214.17047999999997,http1921681928000without_prefixpubmaticcompubmaticcom
195.54696,http1921681928000without_prefixpubmaticcompubmaticcom
212.61852000000002,http1921681928000without_prefixpubmaticcompubmaticcom
148.341996,http1921681928000without_prefixgithubcomgithubcom
140.91732,http1921681928000without_prefixgithubcomgithubcom
157.58496,http1921681928000without_prefixgithubcomgithubcom
154.55448,http1921681928000without_prefixgithubcomgithubcom
153.03923999999998,http1921681928000without_prefixgithubcomgithubcom
147.281328,http1921681928000without_prefixgithubcomgithubcom
151.524,http1921681928000without_prefixgithubcomgithubcom
153.03923999999998,http1921681928000without_prefixgithubcomgithubcom
168.19163999999998,http1921681928000without_prefixgithubcomgithubcom
153.03923999999998,http1921681928000without_prefixgithubcomgithubcom
74.549808,http1921681928000without_prefixgithubcomgithubcom
157.58496,http1921681928000without_prefixgithubcomgithubcom
139.705128,http1921681928000without_prefixgithubcomgithubcom
79.5501,http1921681928000without_prefixgithubcomgithubcom
157.58496,http1921681928000without_prefixgithubcomgithubcom
195.63768000000002,http1921681928000with_prefixwwworaclecomwwworaclecom
116.140464,http1921681928000with_prefixwwworaclecomwwworaclecom
187.87428,http1921681928000with_prefixwwworaclecomwwworaclecom
146.26245600000001,http1921681928000with_prefixwwworaclecomwwworaclecom
115.364124,http1921681928000with_prefixwwworaclecomwwworaclecom
198.74303999999998,http1921681928000with_prefixwwworaclecomwwworaclecom
112.72456799999999,http1921681928000with_prefixwwworaclecomwwworaclecom
115.20885600000001,http1921681928000with_prefixwwworaclecomwwworaclecom
198.74303999999998,http1921681928000with_prefixwwworaclecomwwworaclecom
119.245824,http1921681928000with_prefixwwworaclecomwwworaclecom
110.395548,http1921681928000with_prefixwwworaclecomwwworaclecom
113.035104,http1921681928000with_prefixwwworaclecomwwworaclecom
116.916804,http1921681928000with_prefixwwworaclecomwwworaclecom
75.46024799999999,http1921681928000with_prefixwwworaclecomwwworaclecom
110.706084,http1921681928000with_prefixwwworaclecomwwworaclecom
114.89832,http1921681928000without_prefixwwwofficecomwwwofficecom
186.3216,http1921681928000without_prefixwwwofficecomwwwofficecom
192.53232,http1921681928000without_prefixwwwofficecomwwwofficecom
186.3216,http1921681928000without_prefixwwwofficecomwwwofficecom
184.76892,http1921681928000without_prefixwwwofficecomwwwofficecom
180.11088,http1921681928000without_prefixwwwofficecomwwwofficecom
118.46948400000001,http1921681928000without_prefixwwwofficecomwwwofficecom
101.234736,http1921681928000without_prefixwwwofficecomwwwofficecom
114.12198000000001,http1921681928000without_prefixwwwofficecomwwwofficecom
195.63768000000002,http1921681928000without_prefixwwwofficecomwwwofficecom
111.948228,http1921681928000without_prefixwwwofficecomwwwofficecom
116.45100000000001,http1921681928000without_prefixwwwofficecomwwwofficecom
117.07207199999999,http1921681928000without_prefixwwwofficecomwwwofficecom
183.21624,http1921681928000without_prefixwwwofficecomwwwofficecom
184.76892,http1921681928000without_prefixwwwofficecomwwwofficecom
114.89832,http1921681928000without_prefixwwworaclecomwwworaclecom
186.3216,http1921681928000without_prefixwwworaclecomwwworaclecom
116.916804,http1921681928000without_prefixwwworaclecomwwworaclecom
113.190372,http1921681928000without_prefixwwworaclecomwwworaclecom
111.482424,http1921681928000without_prefixwwworaclecomwwworaclecom
106.20331200000001,http1921681928000without_prefixwwworaclecomwwworaclecom
195.63768000000002,http1921681928000without_prefixwwworaclecomwwworaclecom
177.00552,http1921681928000without_prefixwwworaclecomwwworaclecom
192.53232,http1921681928000without_prefixwwworaclecomwwworaclecom
114.58778400000001,http1921681928000without_prefixwwworaclecomwwworaclecom
141.914952,http1921681928000without_prefixwwworaclecomwwworaclecom
201.8484,http1921681928000without_prefixwwworaclecomwwworaclecom
120.02216399999999,http1921681928000without_prefixwwworaclecomwwworaclecom
187.87428,http1921681928000without_prefixwwworaclecomwwworaclecom
177.00552,http1921681928000without_prefixwwworaclecomwwworaclecom
201.8484,http1921681928000with_prefixwwwofficecomwwwofficecom
178.5582,http1921681928000with_prefixwwwofficecomwwwofficecom
190.97964,http1921681928000with_prefixwwwofficecomwwwofficecom
110.24028,http1921681928000with_prefixwwwofficecomwwwofficecom
197.19036,http1921681928000with_prefixwwwofficecomwwwofficecom
116.140464,http1921681928000with_prefixwwwofficecomwwwofficecom
113.50090800000001,http1921681928000with_prefixwwwofficecomwwwofficecom
133.685748,http1921681928000with_prefixwwwofficecomwwwofficecom
113.035104,http1921681928000with_prefixwwwofficecomwwwofficecom
152.628444,http1921681928000with_prefixwwwofficecomwwwofficecom
130.42512,http1921681928000with_prefixwwwofficecomwwwofficecom
111.79296000000001,http1921681928000with_prefixwwwofficecomwwwofficecom
189.42696,http1921681928000with_prefixwwwofficecomwwwofficecom
175.45283999999998,http1921681928000with_prefixwwwofficecomwwwofficecom
201.8484,http1921681928000with_prefixwwwofficecomwwwofficecom
120.02216399999999,http1921681928000without_prefixnlquoracomnlquoracom
135.238428,http1921681928000without_prefixnlquoracomnlquoracom
133.53048,http1921681928000without_prefixnlquoracomnlquoracom
137.877984,http1921681928000without_prefixnlquoracomnlquoracom
161.47871999999998,http1921681928000without_prefixnlquoracomnlquoracom
135.8595,http1921681928000without_prefixnlquoracomnlquoracom
194.085,http1921681928000without_prefixnlquoracomnlquoracom
195.63768000000002,http1921681928000without_prefixnlquoracomnlquoracom
79.18668000000001,http1921681928000without_prefixnlquoracomnlquoracom
118.78002,http1921681928000without_prefixnlquoracomnlquoracom
127.630296,http1921681928000without_prefixnlquoracomnlquoracom
132.909408,http1921681928000without_prefixnlquoracomnlquoracom
133.996284,http1921681928000without_prefixnlquoracomnlquoracom
133.685748,http1921681928000without_prefixnlquoracomnlquoracom
135.54896399999998,http1921681928000without_prefixnlquoracomnlquoracom
145.33365600000002,http1921681928000with_prefixtrellocomtrellocom
143.495928,http1921681928000with_prefixtrellocomtrellocom
248.09328,http1921681928000with_prefixtrellocomtrellocom
143.495928,http1921681928000with_prefixtrellocomtrellocom
143.95536,http1921681928000with_prefixtrellocomtrellocom
229.71599999999998,http1921681928000with_prefixtrellocomtrellocom
209.80728,http1921681928000with_prefixtrellocomtrellocom
147.47767199999998,http1921681928000with_prefixtrellocomtrellocom
241.96752,http1921681928000with_prefixtrellocomtrellocom
238.90464,http1921681928000with_prefixtrellocomtrellocom
139.054752,http1921681928000with_prefixtrellocomtrellocom
143.802216,http1921681928000with_prefixtrellocomtrellocom
237.3732,http1921681928000with_prefixtrellocomtrellocom
243.49896,http1921681928000with_prefixtrellocomtrellocom
146.711952,http1921681928000with_prefixtrellocomtrellocom
245.0304,http1921681928000without_prefixtrellocomtrellocom
143.649072,http1921681928000without_prefixtrellocomtrellocom
225.12167999999997,http1921681928000without_prefixtrellocomtrellocom
228.18456,http1921681928000without_prefixtrellocomtrellocom
229.71599999999998,http1921681928000without_prefixtrellocomtrellocom
223.59024,http1921681928000without_prefixtrellocomtrellocom
147.937104,http1921681928000without_prefixtrellocomtrellocom
145.946232,http1921681928000without_prefixtrellocomtrellocom
228.18456,http1921681928000without_prefixtrellocomtrellocom
136.451304,http1921681928000without_prefixtrellocomtrellocom
243.49896,http1921681928000without_prefixtrellocomtrellocom
144.414792,http1921681928000without_prefixtrellocomtrellocom
153.144,http1921681928000without_prefixtrellocomtrellocom
139.973616,http1921681928000without_prefixtrellocomtrellocom
234.31032000000002,http1921681928000without_prefixtrellocomtrellocom
180.70991999999998,http1921681928000without_prefixtwittercomtwittercom
105.51621599999999,http1921681928000without_prefixtwittercomtwittercom
196.02432,http1921681928000without_prefixtwittercomtwittercom
103.831632,http1921681928000without_prefixtwittercomtwittercom
103.52534399999999,http1921681928000without_prefixtwittercomtwittercom
105.05678400000001,http1921681928000without_prefixtwittercomtwittercom
98.318448,http1921681928000without_prefixtwittercomtwittercom
107.813376,http1921681928000without_prefixtwittercomtwittercom
102.912768,http1921681928000without_prefixtwittercomtwittercom
177.64704,http1921681928000without_prefixtwittercomtwittercom
105.05678400000001,http1921681928000without_prefixtwittercomtwittercom
103.52534399999999,http1921681928000without_prefixtwittercomtwittercom
197.55576000000002,http1921681928000without_prefixtwittercomtwittercom
106.588224,http1921681928000without_prefixtwittercomtwittercom
104.13792,http1921681928000without_prefixtwittercomtwittercom
105.97564799999999,http1921681928000with_prefixtwittercomtwittercom
205.21296,http1921681928000with_prefixtwittercomtwittercom
106.43508,http1921681928000with_prefixtwittercomtwittercom
211.33872000000002,http1921681928000with_prefixtwittercomtwittercom
105.51621599999999,http1921681928000with_prefixtwittercomtwittercom
105.209928,http1921681928000with_prefixtwittercomtwittercom
106.28193600000002,http1921681928000with_prefixtwittercomtwittercom
104.13792,http1921681928000with_prefixtwittercomtwittercom
106.12879199999999,http1921681928000with_prefixtwittercomtwittercom
109.49796,http1921681928000with_prefixtwittercomtwittercom
196.02432,http1921681928000with_prefixtwittercomtwittercom
103.984776,http1921681928000with_prefixtwittercomtwittercom
106.741368,http1921681928000with_prefixtwittercomtwittercom
106.12879199999999,http1921681928000with_prefixtwittercomtwittercom
105.97564799999999,http1921681928000with_prefixtwittercomtwittercom
108.17161200000001,http1921681928000without_prefixnlsurveymonkeycomnlsurveymonkeycom
94.35916800000001,http1921681928000without_prefixnlsurveymonkeycomnlsurveymonkeycom
103.515732,http1921681928000without_prefixnlsurveymonkeycomnlsurveymonkeycom
106.619652,http1921681928000without_prefixnlsurveymonkeycomnlsurveymonkeycom
282.45672,http1921681928000without_prefixnlsurveymonkeycomnlsurveymonkeycom
294.8724,http1921681928000without_prefixnlsurveymonkeycomnlsurveymonkeycom
293.32043999999996,http1921681928000without_prefixnlsurveymonkeycomnlsurveymonkeycom
218.82636000000002,http1921681928000without_prefixnlsurveymonkeycomnlsurveymonkeycom
167.61168,http1921681928000without_prefixnlsurveymonkeycomnlsurveymonkeycom
107.55082800000001,http1921681928000without_prefixnlsurveymonkeycomnlsurveymonkeycom
307.28808,http1921681928000without_prefixnlsurveymonkeycomnlsurveymonkeycom
301.08024,http1921681928000without_prefixnlsurveymonkeycomnlsurveymonkeycom
106.619652,http1921681928000without_prefixnlsurveymonkeycomnlsurveymonkeycom
287.1126,http1921681928000without_prefixnlsurveymonkeycomnlsurveymonkeycom
104.7573,http1921681928000without_prefixnlsurveymonkeycomnlsurveymonkeycom
105.53328,http1921681928000with_prefixnlsurveymonkeycomnlsurveymonkeycom
301.08024,http1921681928000with_prefixnlsurveymonkeycomnlsurveymonkeycom
220.37832000000003,http1921681928000with_prefixnlsurveymonkeycomnlsurveymonkeycom
105.37808400000002,http1921681928000with_prefixnlsurveymonkeycomnlsurveymonkeycom
104.7573,http1921681928000with_prefixnlsurveymonkeycomnlsurveymonkeycom
109.72357199999999,http1921681928000with_prefixnlsurveymonkeycomnlsurveymonkeycom
112.98268799999998,http1921681928000with_prefixnlsurveymonkeycomnlsurveymonkeycom
288.66456,http1921681928000with_prefixnlsurveymonkeycomnlsurveymonkeycom
113.758668,http1921681928000with_prefixnlsurveymonkeycomnlsurveymonkeycom
296.42436000000004,http1921681928000with_prefixnlsurveymonkeycomnlsurveymonkeycom
107.08523999999998,http1921681928000with_prefixnlsurveymonkeycomnlsurveymonkeycom
105.688476,http1921681928000with_prefixnlsurveymonkeycomnlsurveymonkeycom
108.6372,http1921681928000with_prefixnlsurveymonkeycomnlsurveymonkeycom
290.21652,http1921681928000with_prefixnlsurveymonkeycomnlsurveymonkeycom
287.1126,http1921681928000with_prefixnlsurveymonkeycomnlsurveymonkeycom
124.70371200000001,http1921681928000with_prefixwwwcriteocomwwwcriteocom
104.73883199999999,http1921681928000with_prefixwwwcriteocomwwwcriteocom
211.93488,http1921681928000with_prefixwwwcriteocomwwwcriteocom
198.11303999999998,http1921681928000with_prefixwwwcriteocomwwwcriteocom
117.02491200000001,http1921681928000with_prefixwwwcriteocomwwwcriteocom
120.71073600000001,http1921681928000with_prefixwwwcriteocomwwwcriteocom
222.6852,http1921681928000with_prefixwwwcriteocomwwwcriteocom
120.25000800000001,http1921681928000with_prefixwwwcriteocomwwwcriteocom
124.242984,http1921681928000with_prefixwwwcriteocomwwwcriteocom
144.822168,http1921681928000with_prefixwwwcriteocomwwwcriteocom
144.36144,http1921681928000with_prefixwwwcriteocomwwwcriteocom
140.982768,http1921681928000with_prefixwwwcriteocomwwwcriteocom
125.31801599999999,http1921681928000with_prefixwwwcriteocomwwwcriteocom
121.78576799999999,http1921681928000with_prefixwwwcriteocomwwwcriteocom
126.23947199999999,http1921681928000with_prefixwwwcriteocomwwwcriteocom
108.885384,http1921681928000without_prefixwwwcosmopolitancomwwwcosmopolitancom
125.47159199999999,http1921681928000without_prefixwwwcosmopolitancomwwwcosmopolitancom
126.546624,http1921681928000without_prefixwwwcosmopolitancomwwwcosmopolitancom
126.393048,http1921681928000without_prefixwwwcosmopolitancomwwwcosmopolitancom
126.7002,http1921681928000without_prefixwwwcosmopolitancomwwwcosmopolitancom
129.618144,http1921681928000without_prefixwwwcosmopolitancomwwwcosmopolitancom
125.16443999999998,http1921681928000without_prefixwwwcosmopolitancomwwwcosmopolitancom
127.160928,http1921681928000without_prefixwwwcosmopolitancomwwwcosmopolitancom
84.4668,http1921681928000without_prefixwwwcosmopolitancomwwwcosmopolitancom
113.64623999999999,http1921681928000without_prefixwwwcosmopolitancomwwwcosmopolitancom
118.714248,http1921681928000without_prefixwwwcosmopolitancomwwwcosmopolitancom
124.089408,http1921681928000without_prefixwwwcosmopolitancomwwwcosmopolitancom
123.014376,http1921681928000without_prefixwwwcosmopolitancomwwwcosmopolitancom
130.078872,http1921681928000without_prefixwwwcosmopolitancomwwwcosmopolitancom
127.007352,http1921681928000without_prefixwwwcosmopolitancomwwwcosmopolitancom
124.55013600000001,http1921681928000without_prefixwwwcriteocomwwwcriteocom
120.55716000000001,http1921681928000without_prefixwwwcriteocomwwwcriteocom
123.935832,http1921681928000without_prefixwwwcriteocomwwwcriteocom
193.50576,http1921681928000without_prefixwwwcriteocomwwwcriteocom
123.935832,http1921681928000without_prefixwwwcriteocomwwwcriteocom
122.400072,http1921681928000without_prefixwwwcriteocomwwwcriteocom
121.47861599999999,http1921681928000without_prefixwwwcriteocomwwwcriteocom
129.77172,http1921681928000without_prefixwwwcriteocomwwwcriteocom
122.707224,http1921681928000without_prefixwwwcriteocomwwwcriteocom
182.75544,http1921681928000without_prefixwwwcriteocomwwwcriteocom
124.089408,http1921681928000without_prefixwwwcriteocomwwwcriteocom
125.01086399999998,http1921681928000without_prefixwwwcriteocomwwwcriteocom
120.71073600000001,http1921681928000without_prefixwwwcriteocomwwwcriteocom
122.246496,http1921681928000without_prefixwwwcriteocomwwwcriteocom
105.353136,http1921681928000without_prefixwwwcriteocomwwwcriteocom
139.907736,http1921681928000with_prefixwwwdropboxcomwwwdropboxcom
234.97127999999998,http1921681928000with_prefixwwwdropboxcomwwwdropboxcom
144.207864,http1921681928000with_prefixwwwdropboxcomwwwdropboxcom
140.675616,http1921681928000with_prefixwwwdropboxcomwwwdropboxcom
146.204352,http1921681928000with_prefixwwwdropboxcomwwwdropboxcom
228.82824,http1921681928000with_prefixwwwdropboxcomwwwdropboxcom
140.675616,http1921681928000with_prefixwwwdropboxcomwwwdropboxcom
231.89976000000001,http1921681928000with_prefixwwwdropboxcomwwwdropboxcom
127.007352,http1921681928000with_prefixwwwdropboxcomwwwdropboxcom
140.214888,http1921681928000with_prefixwwwdropboxcomwwwdropboxcom
139.600584,http1921681928000with_prefixwwwdropboxcomwwwdropboxcom
143.439984,http1921681928000with_prefixwwwdropboxcomwwwdropboxcom
225.75672000000003,http1921681928000with_prefixwwwdropboxcomwwwdropboxcom
125.47159199999999,http1921681928000with_prefixwwwdropboxcomwwwdropboxcom
139.907736,http1921681928000with_prefixwwwdropboxcomwwwdropboxcom
196.57728,http1921681928000with_prefixwwwcosmopolitancomwwwcosmopolitancom
124.85728799999998,http1921681928000with_prefixwwwcosmopolitancomwwwcosmopolitancom
110.881872,http1921681928000with_prefixwwwcosmopolitancomwwwcosmopolitancom
124.55013600000001,http1921681928000with_prefixwwwcosmopolitancomwwwcosmopolitancom
131.153904,http1921681928000with_prefixwwwcosmopolitancomwwwcosmopolitancom
127.314504,http1921681928000with_prefixwwwcosmopolitancomwwwcosmopolitancom
198.11303999999998,http1921681928000with_prefixwwwcosmopolitancomwwwcosmopolitancom
126.853776,http1921681928000with_prefixwwwcosmopolitancomwwwcosmopolitancom
125.93231999999999,http1921681928000with_prefixwwwcosmopolitancomwwwcosmopolitancom
124.70371200000001,http1921681928000with_prefixwwwcosmopolitancomwwwcosmopolitancom
132.996816,http1921681928000with_prefixwwwcosmopolitancomwwwcosmopolitancom
130.5396,http1921681928000with_prefixwwwcosmopolitancomwwwcosmopolitancom
125.93231999999999,http1921681928000with_prefixwwwcosmopolitancomwwwcosmopolitancom
199.6488,http1921681928000with_prefixwwwcosmopolitancomwwwcosmopolitancom
216.54216,http1921681928000with_prefixwwwcosmopolitancomwwwcosmopolitancom
141.28992,http1921681928000without_prefixwwwdropboxcomwwwdropboxcom
143.439984,http1921681928000without_prefixwwwdropboxcomwwwdropboxcom
145.12932,http1921681928000without_prefixwwwdropboxcomwwwdropboxcom
218.07792,http1921681928000without_prefixwwwdropboxcomwwwdropboxcom
215.0064,http1921681928000without_prefixwwwdropboxcomwwwdropboxcom
227.29247999999998,http1921681928000without_prefixwwwdropboxcomwwwdropboxcom
143.900712,http1921681928000without_prefixwwwdropboxcomwwwdropboxcom
144.822168,http1921681928000without_prefixwwwdropboxcomwwwdropboxcom
141.136344,http1921681928000without_prefixwwwdropboxcomwwwdropboxcom
138.679128,http1921681928000without_prefixwwwdropboxcomwwwdropboxcom
142.364952,http1921681928000without_prefixwwwdropboxcomwwwdropboxcom
216.54216,http1921681928000without_prefixwwwdropboxcomwwwdropboxcom
126.393048,http1921681928000without_prefixwwwdropboxcomwwwdropboxcom
215.0064,http1921681928000without_prefixwwwdropboxcomwwwdropboxcom
140.982768,http1921681928000without_prefixwwwdropboxcomwwwdropboxcom
150.57594,http1921681928000with_prefixgithubcomgithubcom
211.3884,http1921681928000with_prefixgithubcomgithubcom
146.2869,http1921681928000with_prefixgithubcomgithubcom
163.9026,http1921681928000with_prefixgithubcomgithubcom
152.56728,http1921681928000with_prefixgithubcomgithubcom
148.43142,http1921681928000with_prefixgithubcomgithubcom
151.49501999999998,http1921681928000with_prefixgithubcomgithubcom
151.18866,http1921681928000with_prefixgithubcomgithubcom
153.18,http1921681928000with_prefixgithubcomgithubcom
196.0704,http1921681928000with_prefixgithubcomgithubcom
157.7754,http1921681928000with_prefixgithubcomgithubcom
134.7984,http1921681928000with_prefixgithubcomgithubcom
203.7294,http1921681928000with_prefixgithubcomgithubcom
151.49501999999998,http1921681928000with_prefixgithubcomgithubcom
214.452,http1921681928000with_prefixgithubcomgithubcom
131.58378000000002,http1921681928000without_prefixwwwrobloxcomwwwrobloxcom
475.974,http1921681928000without_prefixwwwrobloxcomwwwrobloxcom
569.6334,http1921681928000without_prefixwwwrobloxcomwwwrobloxcom
141.41034,http1921681928000without_prefixwwwrobloxcomwwwrobloxcom
135.42228,http1921681928000without_prefixwwwrobloxcomwwwrobloxcom
218.0268,http1921681928000without_prefixwwwrobloxcomwwwrobloxcom
139.56786,http1921681928000without_prefixwwwrobloxcomwwwrobloxcom
474.4386,http1921681928000without_prefixwwwrobloxcomwwwrobloxcom
131.58378000000002,http1921681928000without_prefixwwwrobloxcomwwwrobloxcom
482.1156,http1921681928000without_prefixwwwrobloxcomwwwrobloxcom
129.43421999999998,http1921681928000without_prefixwwwrobloxcomwwwrobloxcom
482.1156,http1921681928000without_prefixwwwrobloxcomwwwrobloxcom
124.3674,http1921681928000without_prefixwwwrobloxcomwwwrobloxcom
138.49308,http1921681928000without_prefixwwwrobloxcomwwwrobloxcom
132.8121,http1921681928000without_prefixwwwrobloxcomwwwrobloxcom
611.0892,http1921681928000without_prefixwwwscribdcomwwwscribdcom
611.0892,http1921681928000without_prefixwwwscribdcomwwwscribdcom
620.3016,http1921681928000without_prefixwwwscribdcomwwwscribdcom
635.6556,http1921681928000without_prefixwwwscribdcomwwwscribdcom
144.63468,http1921681928000without_prefixwwwscribdcomwwwscribdcom
150.00858,http1921681928000without_prefixwwwscribdcomwwwscribdcom
148.1661,http1921681928000without_prefixwwwscribdcomwwwscribdcom
140.18202,http1921681928000without_prefixwwwscribdcomwwwscribdcom
149.08733999999998,http1921681928000without_prefixwwwscribdcomwwwscribdcom
629.514,http1921681928000without_prefixwwwscribdcomwwwscribdcom
147.09132,http1921681928000without_prefixwwwscribdcomwwwscribdcom
149.85504,http1921681928000without_prefixwwwscribdcomwwwscribdcom
600.3414,http1921681928000without_prefixwwwscribdcomwwwscribdcom
143.40636,http1921681928000without_prefixwwwscribdcomwwwscribdcom
155.0754,http1921681928000without_prefixwwwscribdcomwwwscribdcom
187.3188,http1921681928000without_prefixwwwpaypalcomwwwpaypalcomnlhomehtml
176.571,http1921681928000without_prefixwwwpaypalcomwwwpaypalcomnlhomehtml
99.18684,http1921681928000without_prefixwwwpaypalcomwwwpaypalcomnlhomehtml
173.5002,http1921681928000without_prefixwwwpaypalcomwwwpaypalcomnlhomehtml
102.8718,http1921681928000without_prefixwwwpaypalcomwwwpaypalcomnlhomehtml
103.79304,http1921681928000without_prefixwwwpaypalcomwwwpaypalcomnlhomehtml
185.7834,http1921681928000without_prefixwwwpaypalcomwwwpaypalcomnlhomehtml
185.7834,http1921681928000without_prefixwwwpaypalcomwwwpaypalcomnlhomehtml
100.10808,http1921681928000without_prefixwwwpaypalcomwwwpaypalcomnlhomehtml
88.43904,http1921681928000without_prefixwwwpaypalcomwwwpaypalcomnlhomehtml
102.1041,http1921681928000without_prefixwwwpaypalcomwwwpaypalcomnlhomehtml
103.6395,http1921681928000without_prefixwwwpaypalcomwwwpaypalcomnlhomehtml
100.87578,http1921681928000without_prefixwwwpaypalcomwwwpaypalcomnlhomehtml
104.4072,http1921681928000without_prefixwwwpaypalcomwwwpaypalcomnlhomehtml
102.8718,http1921681928000without_prefixwwwpaypalcomwwwpaypalcomnlhomehtml
102.56472,http1921681928000with_prefixwwwpaypalcomwwwpaypalcomnlhomehtml
99.95454000000001,http1921681928000with_prefixwwwpaypalcomwwwpaypalcomnlhomehtml
104.86782,http1921681928000with_prefixwwwpaypalcomwwwpaypalcomnlhomehtml
104.4072,http1921681928000with_prefixwwwpaypalcomwwwpaypalcomnlhomehtml
104.4072,http1921681928000with_prefixwwwpaypalcomwwwpaypalcomnlhomehtml
98.57268,http1921681928000with_prefixwwwpaypalcomwwwpaypalcomnlhomehtml
98.87976,http1921681928000with_prefixwwwpaypalcomwwwpaypalcomnlhomehtml
105.02136000000002,http1921681928000with_prefixwwwpaypalcomwwwpaypalcomnlhomehtml
103.33242,http1921681928000with_prefixwwwpaypalcomwwwpaypalcomnlhomehtml
191.925,http1921681928000with_prefixwwwpaypalcomwwwpaypalcomnlhomehtml
99.49391999999999,http1921681928000with_prefixwwwpaypalcomwwwpaypalcomnlhomehtml
185.7834,http1921681928000with_prefixwwwpaypalcomwwwpaypalcomnlhomehtml
106.09613999999999,http1921681928000with_prefixwwwpaypalcomwwwpaypalcomnlhomehtml
99.64746,http1921681928000with_prefixwwwpaypalcomwwwpaypalcomnlhomehtml
98.72622,http1921681928000with_prefixwwwpaypalcomwwwpaypalcomnlhomehtml
142.94574,http1921681928000with_prefixwwwscribdcomwwwscribdcom
150.62274,http1921681928000with_prefixwwwscribdcomwwwscribdcom
142.17803999999998,http1921681928000with_prefixwwwscribdcomwwwscribdcom
143.71344,http1921681928000with_prefixwwwscribdcomwwwscribdcom
568.0980000000001,http1921681928000with_prefixwwwscribdcomwwwscribdcom
143.5599,http1921681928000with_prefixwwwscribdcomwwwscribdcom
586.5228,http1921681928000with_prefixwwwscribdcomwwwscribdcom
146.32362,http1921681928000with_prefixwwwscribdcomwwwscribdcom
611.0892,http1921681928000with_prefixwwwscribdcomwwwscribdcom
148.47318,http1921681928000with_prefixwwwscribdcomwwwscribdcom
142.94574,http1921681928000with_prefixwwwscribdcomwwwscribdcom
145.70946,http1921681928000with_prefixwwwscribdcomwwwscribdcom
145.70946,http1921681928000with_prefixwwwscribdcomwwwscribdcom
241.0578,http1921681928000with_prefixwwwscribdcomwwwscribdcom
145.24884,http1921681928000with_prefixwwwscribdcomwwwscribdcom
132.0444,http1921681928000with_prefixwwwrobloxcomwwwrobloxcom
623.3724,http1921681928000with_prefixwwwrobloxcomwwwrobloxcom
145.55592,http1921681928000with_prefixwwwrobloxcomwwwrobloxcom
141.71742,http1921681928000with_prefixwwwrobloxcomwwwrobloxcom
139.10724,http1921681928000with_prefixwwwrobloxcomwwwrobloxcom
130.81608,http1921681928000with_prefixwwwrobloxcomwwwrobloxcom
135.72936,http1921681928000with_prefixwwwrobloxcomwwwrobloxcom
138.186,http1921681928000with_prefixwwwrobloxcomwwwrobloxcom
623.3724,http1921681928000with_prefixwwwrobloxcomwwwrobloxcom
623.3724,http1921681928000with_prefixwwwrobloxcomwwwrobloxcom
257.9472,http1921681928000with_prefixwwwrobloxcomwwwrobloxcom
133.27272,http1921681928000with_prefixwwwrobloxcomwwwrobloxcom
129.89484,http1921681928000with_prefixwwwrobloxcomwwwrobloxcom
621.837,http1921681928000with_prefixwwwrobloxcomwwwrobloxcom
132.35148,http1921681928000with_prefixwwwrobloxcomwwwrobloxcom
147.220632,http1921681928000with_prefixwwwgodaddycomwwwgodaddycom
250.97904,http1921681928000with_prefixwwwgodaddycomwwwgodaddycom
244.8576,http1921681928000with_prefixwwwgodaddycomwwwgodaddycom
243.32724,http1921681928000with_prefixwwwgodaddycomwwwgodaddycom
221.9022,http1921681928000with_prefixwwwgodaddycomwwwgodaddycom
148.597956,http1921681928000with_prefixwwwgodaddycomwwwgodaddycom
151.811712,http1921681928000with_prefixwwwgodaddycomwwwgodaddycom
254.03976,http1921681928000with_prefixwwwgodaddycomwwwgodaddycom
240.26652,http1921681928000with_prefixwwwgodaddycomwwwgodaddycom
249.44867999999997,http1921681928000with_prefixwwwgodaddycomwwwgodaddycom
240.26652,http1921681928000with_prefixwwwgodaddycomwwwgodaddycom
241.79688,http1921681928000with_prefixwwwgodaddycomwwwgodaddycom
160.6878,http1921681928000with_prefixwwwgodaddycomwwwgodaddycom
156.09672,http1921681928000with_prefixwwwgodaddycomwwwgodaddycom
255.57012000000003,http1921681928000with_prefixwwwgodaddycomwwwgodaddycom
174.46104,http1921681928000without_prefixwwwfandomcomwwwfandomcom
175.9914,http1921681928000without_prefixwwwfandomcomwwwfandomcom
175.9914,http1921681928000without_prefixwwwfandomcomwwwfandomcom
255.57012000000003,http1921681928000without_prefixwwwfandomcomwwwfandomcom
264.75228,http1921681928000without_prefixwwwfandomcomwwwfandomcom
185.17356,http1921681928000without_prefixwwwfandomcomwwwfandomcom
183.6432,http1921681928000without_prefixwwwfandomcomwwwfandomcom
165.27888000000002,http1921681928000without_prefixwwwfandomcomwwwfandomcom
177.52176,http1921681928000without_prefixwwwfandomcomwwwfandomcom
180.58248,http1921681928000without_prefixwwwfandomcomwwwfandomcom
157.62708,http1921681928000without_prefixwwwfandomcomwwwfandomcom
203.53788,http1921681928000without_prefixwwwfandomcomwwwfandomcom
179.05212,http1921681928000without_prefixwwwfandomcomwwwfandomcom
208.12896,http1921681928000without_prefixwwwfandomcomwwwfandomcom
272.40407999999996,http1921681928000without_prefixwwwfandomcomwwwfandomcom
156.09672,http1921681928000without_prefixwwwgodaddycomwwwgodaddycom
156.09672,http1921681928000without_prefixwwwgodaddycomwwwgodaddycom
162.21816,http1921681928000without_prefixwwwgodaddycomwwwgodaddycom
83.40462,http1921681928000without_prefixwwwgodaddycomwwwgodaddycom
249.44867999999997,http1921681928000without_prefixwwwgodaddycomwwwgodaddycom
247.91832000000002,http1921681928000without_prefixwwwgodaddycomwwwgodaddycom
180.58248,http1921681928000without_prefixwwwgodaddycomwwwgodaddycom
247.91832000000002,http1921681928000without_prefixwwwgodaddycomwwwgodaddycom
157.62708,http1921681928000without_prefixwwwgodaddycomwwwgodaddycom
154.56636,http1921681928000without_prefixwwwgodaddycomwwwgodaddycom
240.26652,http1921681928000without_prefixwwwgodaddycomwwwgodaddycom
157.62708,http1921681928000without_prefixwwwgodaddycomwwwgodaddycom
234.14507999999998,http1921681928000without_prefixwwwgodaddycomwwwgodaddycom
260.1612,http1921681928000without_prefixwwwgodaddycomwwwgodaddycom
151.964748,http1921681928000without_prefixwwwgodaddycomwwwgodaddycom
185.17356,http1921681928000with_prefixwwwfandomcomwwwfandomcom
159.15743999999998,http1921681928000with_prefixwwwfandomcomwwwfandomcom
182.11283999999998,http1921681928000with_prefixwwwfandomcomwwwfandomcom
255.57012000000003,http1921681928000with_prefixwwwfandomcomwwwfandomcom
260.1612,http1921681928000with_prefixwwwfandomcomwwwfandomcom
96.56571600000001,http1921681928000with_prefixwwwfandomcomwwwfandomcom
172.93068,http1921681928000with_prefixwwwfandomcomwwwfandomcom
185.17356,http1921681928000with_prefixwwwfandomcomwwwfandomcom
82.18033199999999,http1921681928000with_prefixwwwfandomcomwwwfandomcom
180.58248,http1921681928000with_prefixwwwfandomcomwwwfandomcom
188.23428,http1921681928000with_prefixwwwfandomcomwwwfandomcom
175.9914,http1921681928000with_prefixwwwfandomcomwwwfandomcom
264.75228,http1921681928000with_prefixwwwfandomcomwwwfandomcom
185.17356,http1921681928000with_prefixwwwfandomcomwwwfandomcom
261.69156,http1921681928000with_prefixwwwfandomcomwwwfandomcom
244.8576,http1921681928000without_prefixoutlooklivecomoutlooklivecomowa
140.640084,http1921681928000without_prefixoutlooklivecomoutlooklivecomowa
137.579364,http1921681928000without_prefixoutlooklivecomoutlooklivecomowa
249.44867999999997,http1921681928000without_prefixoutlooklivecomoutlooklivecomowa
126.10166399999999,http1921681928000without_prefixoutlooklivecomoutlooklivecomowa
310.66308,http1921681928000without_prefixoutlooklivecomoutlooklivecomowa
260.1612,http1921681928000without_prefixoutlooklivecomoutlooklivecomowa
136.355076,http1921681928000without_prefixoutlooklivecomoutlooklivecomowa
129.927564,http1921681928000without_prefixoutlooklivecomoutlooklivecomowa
133.44739199999998,http1921681928000without_prefixoutlooklivecomoutlooklivecomowa
138.803652,http1921681928000without_prefixoutlooklivecomoutlooklivecomowa
327.49703999999997,http1921681928000without_prefixoutlooklivecomoutlooklivecomowa
309.13272,http1921681928000without_prefixoutlooklivecomoutlooklivecomowa
137.426328,http1921681928000without_prefixoutlooklivecomoutlooklivecomowa
131.30488799999998,http1921681928000without_prefixoutlooklivecomoutlooklivecomowa
130.23363600000002,http1921681928000with_prefixoutlooklivecomoutlooklivecomowa
136.96722,http1921681928000with_prefixoutlooklivecomoutlooklivecomowa
319.84524,http1921681928000with_prefixoutlooklivecomoutlooklivecomowa
132.98828400000002,http1921681928000with_prefixoutlooklivecomoutlooklivecomowa
134.365608,http1921681928000with_prefixoutlooklivecomoutlooklivecomowa
319.84524,http1921681928000with_prefixoutlooklivecomoutlooklivecomowa
335.14884,http1921681928000with_prefixoutlooklivecomoutlooklivecomowa
319.84524,http1921681928000with_prefixoutlooklivecomoutlooklivecomowa
138.03847199999998,http1921681928000with_prefixoutlooklivecomoutlooklivecomowa
137.7324,http1921681928000with_prefixoutlooklivecomoutlooklivecomowa
336.6792,http1921681928000with_prefixoutlooklivecomoutlooklivecomowa
125.33648400000001,http1921681928000with_prefixoutlooklivecomoutlooklivecomowa
325.96668,http1921681928000with_prefixoutlooklivecomoutlooklivecomowa
194.35572,http1921681928000with_prefixoutlooklivecomoutlooklivecomowa
130.0806,http1921681928000with_prefixoutlooklivecomoutlooklivecomowa
131.42700000000002,http1921681928000with_prefixwwwhowtogeekcomwwwhowtogeekcom
146.88,http1921681928000with_prefixwwwhowtogeekcomwwwhowtogeekcom
243.27,http1921681928000with_prefixwwwhowtogeekcomwwwhowtogeekcom
151.929,http1921681928000with_prefixwwwhowtogeekcomwwwhowtogeekcom
152.694,http1921681928000with_prefixwwwhowtogeekcomwwwhowtogeekcom
229.5,http1921681928000with_prefixwwwhowtogeekcomwwwhowtogeekcom
145.35,http1921681928000with_prefixwwwhowtogeekcomwwwhowtogeekcom
149.175,http1921681928000with_prefixwwwhowtogeekcomwwwhowtogeekcom
174.42,http1921681928000with_prefixwwwhowtogeekcomwwwhowtogeekcom
136.935,http1921681928000with_prefixwwwhowtogeekcomwwwhowtogeekcom
146.57399999999998,http1921681928000with_prefixwwwhowtogeekcomwwwhowtogeekcom
140.454,http1921681928000with_prefixwwwhowtogeekcomwwwhowtogeekcom
240.21,http1921681928000with_prefixwwwhowtogeekcomwwwhowtogeekcom
148.716,http1921681928000with_prefixwwwhowtogeekcomwwwhowtogeekcom
231.03,http1921681928000with_prefixwwwhowtogeekcomwwwhowtogeekcom
149.481,http1921681928000without_prefixwwwhowtogeekcomwwwhowtogeekcom
150.858,http1921681928000without_prefixwwwhowtogeekcomwwwhowtogeekcom
153.0,http1921681928000without_prefixwwwhowtogeekcomwwwhowtogeekcom
152.694,http1921681928000without_prefixwwwhowtogeekcomwwwhowtogeekcom
153.0,http1921681928000without_prefixwwwhowtogeekcomwwwhowtogeekcom
240.21,http1921681928000without_prefixwwwhowtogeekcomwwwhowtogeekcom
157.59,http1921681928000without_prefixwwwhowtogeekcomwwwhowtogeekcom
149.94,http1921681928000without_prefixwwwhowtogeekcomwwwhowtogeekcom
151.776,http1921681928000without_prefixwwwhowtogeekcomwwwhowtogeekcom
151.776,http1921681928000without_prefixwwwhowtogeekcomwwwhowtogeekcom
150.093,http1921681928000without_prefixwwwhowtogeekcomwwwhowtogeekcom
132.345,http1921681928000without_prefixwwwhowtogeekcomwwwhowtogeekcom
132.804,http1921681928000without_prefixwwwhowtogeekcomwwwhowtogeekcom
240.21,http1921681928000without_prefixwwwhowtogeekcomwwwhowtogeekcom
137.7,http1921681928000without_prefixwwwhowtogeekcomwwwhowtogeekcom
103.574016,http19216812088000with_prefixbitlycombitlycom
165.47328000000002,http19216812088000with_prefixbitlycombitlycom
260.4672,http19216812088000with_prefixbitlycombitlycom
261.99936,http19216812088000with_prefixbitlycombitlycom
110.775168,http19216812088000with_prefixbitlycombitlycom
275.7888,http19216812088000with_prefixbitlycombitlycom
122.879232,http19216812088000with_prefixbitlycombitlycom
120.580992,http19216812088000with_prefixbitlycombitlycom
122.266368,http19216812088000with_prefixbitlycombitlycom
176.1984,http19216812088000with_prefixbitlycombitlycom
251.27424,http19216812088000with_prefixbitlycombitlycom
119.202048,http19216812088000with_prefixbitlycombitlycom
274.25664,http19216812088000with_prefixbitlycombitlycom
119.35526399999999,http19216812088000with_prefixbitlycombitlycom
116.44416000000001,http19216812088000with_prefixbitlycombitlycom
107.3016,http1921681928000with_prefixnlquoracomnlquoracom
128.608632,http1921681928000with_prefixnlquoracomnlquoracom
132.440832,http1921681928000with_prefixnlquoracomnlquoracom
80.782776,http1921681928000with_prefixnlquoracomnlquoracom
135.200016,http1921681928000with_prefixnlquoracomnlquoracom
129.834936,http1921681928000with_prefixnlquoracomnlquoracom
137.499336,http1921681928000with_prefixnlquoracomnlquoracom
194.67576,http1921681928000with_prefixnlquoracomnlquoracom
188.54424,http1921681928000with_prefixnlquoracomnlquoracom
177.81408000000002,http1921681928000with_prefixnlquoracomnlquoracom
135.046728,http1921681928000with_prefixnlquoracomnlquoracom
137.652624,http1921681928000with_prefixnlquoracomnlquoracom
116.345592,http1921681928000with_prefixnlquoracomnlquoracom
133.207272,http1921681928000with_prefixnlquoracomnlquoracom
132.747408,http1921681928000with_prefixnlquoracomnlquoracom
186.2784,http19216812088000without_prefixbitlycombitlycom
122.78851200000001,http19216812088000without_prefixbitlycombitlycom
251.47583999999998,http19216812088000without_prefixbitlycombitlycom
270.10368,http19216812088000without_prefixbitlycombitlycom
123.09897600000001,http19216812088000without_prefixbitlycombitlycom
256.1328,http19216812088000without_prefixbitlycombitlycom
123.564672,http19216812088000without_prefixbitlycombitlycom
176.96448,http19216812088000without_prefixbitlycombitlycom
122.78851200000001,http19216812088000without_prefixbitlycombitlycom
266.99904,http19216812088000without_prefixbitlycombitlycom
122.478048,http19216812088000without_prefixbitlycombitlycom
270.10368,http19216812088000without_prefixbitlycombitlycom
176.96448,http19216812088000without_prefixbitlycombitlycom
259.23744,http19216812088000without_prefixbitlycombitlycom
228.19104,http19216812088000without_prefixbitlycombitlycom
205.11648,http1921681928000without_prefixwwwamobeecomwwwamobeecom
129.805056,http1921681928000without_prefixwwwamobeecomwwwamobeecom
135.162576,http1921681928000without_prefixwwwamobeecomwwwamobeecom
134.397216,http1921681928000without_prefixwwwamobeecomwwwamobeecom
231.13872,http1921681928000without_prefixwwwamobeecomwwwamobeecom
117.712368,http1921681928000without_prefixwwwamobeecomwwwamobeecom
135.315648,http1921681928000without_prefixwwwamobeecomwwwamobeecom
205.11648,http1921681928000without_prefixwwwamobeecomwwwamobeecom
131.79499199999998,http1921681928000without_prefixwwwamobeecomwwwamobeecom
130.72348799999997,http1921681928000without_prefixwwwamobeecomwwwamobeecom
121.845312,http1921681928000without_prefixwwwamobeecomwwwamobeecom
127.508976,http1921681928000without_prefixwwwamobeecomwwwamobeecom
135.77486399999998,http1921681928000without_prefixwwwamobeecomwwwamobeecom
80.975088,http1921681928000without_prefixwwwamobeecomwwwamobeecom
221.9544,http1921681928000without_prefixwwwamobeecomwwwamobeecom
192.87072,http1921681928000without_prefixwordpresscomwordpresscom
106.231968,http1921681928000without_prefixwordpresscomwordpresscom
241.85376000000002,http1921681928000without_prefixwordpresscomwordpresscom
99.802944,http1921681928000without_prefixwordpresscomwordpresscom
172.97136,http1921681928000without_prefixwordpresscomwordpresscom
215.83152,http1921681928000without_prefixwordpresscomwordpresscom
104.242032,http1921681928000without_prefixwordpresscomwordpresscom
237.2616,http1921681928000without_prefixwordpresscomwordpresscom
102.405168,http1921681928000without_prefixwordpresscomwordpresscom
107.76268799999998,http1921681928000without_prefixwordpresscomwordpresscom
240.32304,http1921681928000without_prefixwordpresscomwordpresscom
88.78175999999999,http1921681928000without_prefixwordpresscomwordpresscom
106.38503999999999,http1921681928000without_prefixwordpresscomwordpresscom
108.22190400000001,http1921681928000without_prefixwordpresscomwordpresscom
195.93216,http1921681928000without_prefixwordpresscomwordpresscom
177.56351999999998,http1921681928000without_prefixwwwautodeskcomwwwautodeskcom
246.44592000000003,http1921681928000without_prefixwwwautodeskcomwwwautodeskcom
176.0328,http1921681928000without_prefixwwwautodeskcomwwwautodeskcom
246.44592000000003,http1921681928000without_prefixwwwautodeskcomwwwautodeskcom
77.148288,http1921681928000without_prefixwwwautodeskcomwwwautodeskcom
306.144,http1921681928000without_prefixwwwautodeskcomwwwautodeskcom
300.02112,http1921681928000without_prefixwwwautodeskcomwwwautodeskcom
171.44064,http1921681928000without_prefixwwwautodeskcomwwwautodeskcom
168.3792,http1921681928000without_prefixwwwautodeskcomwwwautodeskcom
312.26687999999996,http1921681928000without_prefixwwwautodeskcomwwwautodeskcom
172.97136,http1921681928000without_prefixwwwautodeskcomwwwautodeskcom
243.38447999999997,http1921681928000without_prefixwwwautodeskcomwwwautodeskcom
172.97136,http1921681928000without_prefixwwwautodeskcomwwwautodeskcom
176.0328,http1921681928000without_prefixwwwautodeskcomwwwautodeskcom
183.6864,http1921681928000without_prefixwwwautodeskcomwwwautodeskcom
127.662048,http1921681928000with_prefixwwwamobeecomwwwamobeecom
264.81456000000003,http1921681928000with_prefixwwwamobeecomwwwamobeecom
258.69167999999996,http1921681928000with_prefixwwwamobeecomwwwamobeecom
133.938,http1921681928000with_prefixwwwamobeecomwwwamobeecom
132.560352,http1921681928000with_prefixwwwamobeecomwwwamobeecom
132.101136,http1921681928000with_prefixwwwamobeecomwwwamobeecom
231.13872,http1921681928000with_prefixwwwamobeecomwwwamobeecom
272.46816,http1921681928000with_prefixwwwamobeecomwwwamobeecom
129.95812800000002,http1921681928000with_prefixwwwamobeecomwwwamobeecom
132.560352,http1921681928000with_prefixwwwamobeecomwwwamobeecom
264.81456000000003,http1921681928000with_prefixwwwamobeecomwwwamobeecom
272.46816,http1921681928000with_prefixwwwamobeecomwwwamobeecom
142.20388799999998,http1921681928000with_prefixwwwamobeecomwwwamobeecom
130.264272,http1921681928000with_prefixwwwamobeecomwwwamobeecom
127.662048,http1921681928000with_prefixwwwamobeecomwwwamobeecom
90.006336,http1921681928000with_prefixwordpresscomwordpresscom
195.93216,http1921681928000with_prefixwordpresscomwordpresscom
197.46288,http1921681928000with_prefixwordpresscomwordpresscom
171.44064,http1921681928000with_prefixwordpresscomwordpresscom
86.638752,http1921681928000with_prefixwordpresscomwordpresscom
103.01745600000001,http1921681928000with_prefixwordpresscomwordpresscom
205.11648,http1921681928000with_prefixwordpresscomwordpresscom
105.61968,http1921681928000with_prefixwordpresscomwordpresscom
106.078896,http1921681928000with_prefixwordpresscomwordpresscom
110.67105600000001,http1921681928000with_prefixwordpresscomwordpresscom
209.70864,http1921681928000with_prefixwordpresscomwordpresscom
106.231968,http1921681928000with_prefixwordpresscomwordpresscom
252.5688,http1921681928000with_prefixwordpresscomwordpresscom
92.30241600000001,http1921681928000with_prefixwordpresscomwordpresscom
104.70124799999999,http1921681928000with_prefixwordpresscomwordpresscom
245.32343999999998,http1921681928000with_prefixwwwbookingcomwwwbookingcomindexen
158.37336000000002,http1921681928000with_prefixwwwbookingcomwwwbookingcomindexen
159.92604,http1921681928000with_prefixwwwbookingcomwwwbookingcomindexen
155.268,http1921681928000with_prefixwwwbookingcomwwwbookingcomindexen
228.24396000000002,http1921681928000with_prefixwwwbookingcomwwwbookingcomindexen
228.24396000000002,http1921681928000with_prefixwwwbookingcomwwwbookingcomindexen
159.92604,http1921681928000with_prefixwwwbookingcomwwwbookingcomindexen
163.0314,http1921681928000with_prefixwwwbookingcomwwwbookingcomindexen
164.58408,http1921681928000with_prefixwwwbookingcomwwwbookingcomindexen
158.37336000000002,http1921681928000with_prefixwwwbookingcomwwwbookingcomindexen
245.32343999999998,http1921681928000with_prefixwwwbookingcomwwwbookingcomindexen
156.82068,http1921681928000with_prefixwwwbookingcomwwwbookingcomindexen
215.82252000000003,http1921681928000with_prefixwwwbookingcomwwwbookingcomindexen
240.6654,http1921681928000with_prefixwwwbookingcomwwwbookingcomindexen
158.37336000000002,http1921681928000with_prefixwwwbookingcomwwwbookingcomindexen
225.1386,http1921681928000with_prefixwwwavastcomwwwavastcomnl
95.334552,http1921681928000with_prefixwwwavastcomwwwavastcomnl
226.69127999999998,http1921681928000with_prefixwwwavastcomwwwavastcomnl
222.03323999999998,http1921681928000with_prefixwwwavastcomwwwavastcomnl
229.79664,http1921681928000with_prefixwwwavastcomwwwavastcomnl
136.170036,http1921681928000with_prefixwwwavastcomwwwavastcomnl
222.03323999999998,http1921681928000with_prefixwwwavastcomwwwavastcomnl
234.45467999999997,http1921681928000with_prefixwwwavastcomwwwavastcomnl
223.58592000000002,http1921681928000with_prefixwwwavastcomwwwavastcomnl
208.05912,http1921681928000with_prefixwwwavastcomwwwavastcomnl
137.101644,http1921681928000with_prefixwwwavastcomwwwavastcomnl
140.207004,http1921681928000with_prefixwwwavastcomwwwavastcomnl
222.03323999999998,http1921681928000with_prefixwwwavastcomwwwavastcomnl
134.92789199999999,http1921681928000with_prefixwwwavastcomwwwavastcomnl
137.256912,http1921681928000with_prefixwwwavastcomwwwavastcomnl
172.34748000000002,http1921681928000with_prefixwwwautodeskcomwwwautodeskcom
169.24212,http1921681928000with_prefixwwwautodeskcomwwwautodeskcom
248.4288,http1921681928000with_prefixwwwautodeskcomwwwautodeskcom
172.34748000000002,http1921681928000with_prefixwwwautodeskcomwwwautodeskcom
169.24212,http1921681928000with_prefixwwwautodeskcomwwwautodeskcom
170.7948,http1921681928000with_prefixwwwautodeskcomwwwautodeskcom
175.45283999999998,http1921681928000with_prefixwwwautodeskcomwwwautodeskcom
181.66356000000002,http1921681928000with_prefixwwwautodeskcomwwwautodeskcom
251.53416,http1921681928000with_prefixwwwautodeskcomwwwautodeskcom
330.72084,http1921681928000with_prefixwwwautodeskcomwwwautodeskcom
169.24212,http1921681928000with_prefixwwwautodeskcomwwwautodeskcom
158.37336000000002,http1921681928000with_prefixwwwautodeskcomwwwautodeskcom
170.7948,http1921681928000with_prefixwwwautodeskcomwwwautodeskcom
172.34748000000002,http1921681928000with_prefixwwwautodeskcomwwwautodeskcom
173.90016,http1921681928000with_prefixwwwautodeskcomwwwautodeskcom
153.560052,http1921681928000without_prefixwwwbookingcomwwwbookingcomindexen
229.79664,http1921681928000without_prefixwwwbookingcomwwwbookingcomindexen
166.13676,http1921681928000without_prefixwwwbookingcomwwwbookingcomindexen
153.560052,http1921681928000without_prefixwwwbookingcomwwwbookingcomindexen
159.92604,http1921681928000without_prefixwwwbookingcomwwwbookingcomindexen
161.47871999999998,http1921681928000without_prefixwwwbookingcomwwwbookingcomindexen
149.367816,http1921681928000without_prefixwwwbookingcomwwwbookingcomindexen
163.0314,http1921681928000without_prefixwwwbookingcomwwwbookingcomindexen
154.025856,http1921681928000without_prefixwwwbookingcomwwwbookingcomindexen
242.21808,http1921681928000without_prefixwwwbookingcomwwwbookingcomindexen
226.69127999999998,http1921681928000without_prefixwwwbookingcomwwwbookingcomindexen
164.58408,http1921681928000without_prefixwwwbookingcomwwwbookingcomindexen
215.82252000000003,http1921681928000without_prefixwwwbookingcomwwwbookingcomindexen
242.21808,http1921681928000without_prefixwwwbookingcomwwwbookingcomindexen
163.0314,http1921681928000without_prefixwwwbookingcomwwwbookingcomindexen
134.617356,http1921681928000without_prefixwwwavastcomwwwavastcomnl
222.03323999999998,http1921681928000without_prefixwwwavastcomwwwavastcomnl
134.617356,http1921681928000without_prefixwwwavastcomwwwavastcomnl
131.51199599999998,http1921681928000without_prefixwwwavastcomwwwavastcomnl
139.120128,http1921681928000without_prefixwwwavastcomwwwavastcomnl
134.617356,http1921681928000without_prefixwwwavastcomwwwavastcomnl
226.69127999999998,http1921681928000without_prefixwwwavastcomwwwavastcomnl
132.909408,http1921681928000without_prefixwwwavastcomwwwavastcomnl
138.80959199999998,http1921681928000without_prefixwwwavastcomwwwavastcomnl
135.54896399999998,http1921681928000without_prefixwwwavastcomwwwavastcomnl
231.34932,http1921681928000without_prefixwwwavastcomwwwavastcomnl
222.03323999999998,http1921681928000without_prefixwwwavastcomwwwavastcomnl
133.685748,http1921681928000without_prefixwwwavastcomwwwavastcomnl
135.393696,http1921681928000without_prefixwwwavastcomwwwavastcomnl
229.79664,http1921681928000without_prefixwwwavastcomwwwavastcomnl
82.19664,http1921681928000without_prefixstackexchangecomstackexchangecom
159.74063999999998,http1921681928000without_prefixstackexchangecomstackexchangecom
109.64721599999999,http1921681928000without_prefixstackexchangecomstackexchangecom
114.144768,http1921681928000without_prefixstackexchangecomstackexchangecom
118.332144,http1921681928000without_prefixstackexchangecomstackexchangecom
110.11248,http1921681928000without_prefixstackexchangecomstackexchangecom
114.610032,http1921681928000without_prefixstackexchangecomstackexchangecom
113.67950400000001,http1921681928000without_prefixstackexchangecomstackexchangecom
111.043008,http1921681928000without_prefixstackexchangecomstackexchangecom
110.732832,http1921681928000without_prefixstackexchangecomstackexchangecom
113.21423999999999,http1921681928000without_prefixstackexchangecomstackexchangecom
113.059152,http1921681928000without_prefixstackexchangecomstackexchangecom
111.043008,http1921681928000without_prefixstackexchangecomstackexchangecom
112.90406399999999,http1921681928000without_prefixstackexchangecomstackexchangecom
100.962288,http1921681928000without_prefixstackexchangecomstackexchangecom
99.25632,http1921681928000with_prefixstackexchangecomstackexchangecom
104.21913599999999,http1921681928000with_prefixstackexchangecomstackexchangecom
106.855632,http1921681928000with_prefixstackexchangecomstackexchangecom
105.14966399999999,http1921681928000with_prefixstackexchangecomstackexchangecom
101.427552,http1921681928000with_prefixstackexchangecomstackexchangecom
105.45983999999999,http1921681928000with_prefixstackexchangecomstackexchangecom
105.770016,http1921681928000with_prefixstackexchangecomstackexchangecom
106.545456,http1921681928000with_prefixstackexchangecomstackexchangecom
100.341936,http1921681928000with_prefixstackexchangecomstackexchangecom
110.732832,http1921681928000with_prefixstackexchangecomstackexchangecom
107.941248,http1921681928000with_prefixstackexchangecomstackexchangecom
111.35318400000001,http1921681928000with_prefixstackexchangecomstackexchangecom
105.14966399999999,http1921681928000with_prefixstackexchangecomstackexchangecom
107.47598400000001,http1921681928000with_prefixstackexchangecomstackexchangecom
102.20299200000001,http1921681928000with_prefixstackexchangecomstackexchangecom
93.673152,http1921681928000without_prefixstackoverflowcomstackoverflowcom
149.194656,http1921681928000without_prefixstackoverflowcomstackoverflowcom
99.411408,http1921681928000without_prefixstackoverflowcomstackoverflowcom
98.79105600000001,http1921681928000without_prefixstackoverflowcomstackoverflowcom
100.8072,http1921681928000without_prefixstackoverflowcomstackoverflowcom
91.34683199999999,http1921681928000without_prefixstackoverflowcomstackoverflowcom
154.93291200000002,http1921681928000without_prefixstackoverflowcomstackoverflowcom
101.11737600000001,http1921681928000without_prefixstackoverflowcomstackoverflowcom
79.715232,http1921681928000without_prefixstackoverflowcomstackoverflowcom
109.181952,http1921681928000without_prefixstackoverflowcomstackoverflowcom
109.33703999999999,http1921681928000without_prefixstackoverflowcomstackoverflowcom
155.088,http1921681928000without_prefixstackoverflowcomstackoverflowcom
98.325792,http1921681928000without_prefixstackoverflowcomstackoverflowcom
94.91385600000001,http1921681928000without_prefixstackoverflowcomstackoverflowcom
96.15456,http1921681928000without_prefixstackoverflowcomstackoverflowcom
164.39328,http1921681928000with_prefixstackoverflowcomstackoverflowcom
104.529312,http1921681928000with_prefixstackoverflowcomstackoverflowcom
113.67950400000001,http1921681928000with_prefixstackoverflowcomstackoverflowcom
101.58264,http1921681928000with_prefixstackoverflowcomstackoverflowcom
156.63888,http1921681928000with_prefixstackoverflowcomstackoverflowcom
101.58264,http1921681928000with_prefixstackoverflowcomstackoverflowcom
159.74063999999998,http1921681928000with_prefixstackoverflowcomstackoverflowcom
161.29152,http1921681928000with_prefixstackoverflowcomstackoverflowcom
103.598784,http1921681928000with_prefixstackoverflowcomstackoverflowcom
105.30475200000001,http1921681928000with_prefixstackoverflowcomstackoverflowcom
103.13351999999999,http1921681928000with_prefixstackoverflowcomstackoverflowcom
105.770016,http1921681928000with_prefixstackoverflowcomstackoverflowcom
111.97353600000001,http1921681928000with_prefixstackoverflowcomstackoverflowcom
109.64721599999999,http1921681928000with_prefixstackoverflowcomstackoverflowcom
215.57232000000002,http1921681928000with_prefixstackoverflowcomstackoverflowcom
543.2778,http1921681928000without_prefixwwwtripodlycoscomwwwtripodlycoscom
108.502524,http1921681928000without_prefixwwwtripodlycoscomwwwtripodlycoscom
97.63696800000001,http1921681928000without_prefixwwwtripodlycoscomwwwtripodlycoscom
98.70822,http1921681928000without_prefixwwwtripodlycoscomwwwtripodlycoscom
103.758408,http1921681928000without_prefixwwwtripodlycoscomwwwtripodlycoscom
95.800536,http1921681928000without_prefixwwwtripodlycoscomwwwtripodlycoscom
101.309832,http1921681928000without_prefixwwwtripodlycoscomwwwtripodlycoscom
99.320364,http1921681928000without_prefixwwwtripodlycoscomwwwtripodlycoscom
86.46534,http1921681928000without_prefixwwwtripodlycoscomwwwtripodlycoscom
102.687156,http1921681928000without_prefixwwwtripodlycoscomwwwtripodlycoscom
97.94304,http1921681928000without_prefixwwwtripodlycoscomwwwtripodlycoscom
99.167328,http1921681928000without_prefixwwwtripodlycoscomwwwtripodlycoscom
97.024824,http1921681928000without_prefixwwwtripodlycoscomwwwtripodlycoscom
78.35443199999999,http1921681928000without_prefixwwwtripodlycoscomwwwtripodlycoscom
78.04836,http1921681928000without_prefixwwwtripodlycoscomwwwtripodlycoscom
101.309832,http1921681928000with_prefixwwwtripodlycoscomwwwtripodlycoscom
325.96668,http1921681928000with_prefixwwwtripodlycoscomwwwtripodlycoscom
101.156796,http1921681928000with_prefixwwwtripodlycoscomwwwtripodlycoscom
330.55776000000003,http1921681928000with_prefixwwwtripodlycoscomwwwtripodlycoscom
96.871788,http1921681928000with_prefixwwwtripodlycoscomwwwtripodlycoscom
97.79000400000001,http1921681928000with_prefixwwwtripodlycoscomwwwtripodlycoscom
206.5986,http1921681928000with_prefixwwwtripodlycoscomwwwtripodlycoscom
103.2993,http1921681928000with_prefixwwwtripodlycoscomwwwtripodlycoscom
99.4734,http1921681928000with_prefixwwwtripodlycoscomwwwtripodlycoscom
101.309832,http1921681928000with_prefixwwwtripodlycoscomwwwtripodlycoscom
95.953572,http1921681928000with_prefixwwwtripodlycoscomwwwtripodlycoscom
96.56571600000001,http1921681928000with_prefixwwwtripodlycoscomwwwtripodlycoscom
99.626436,http1921681928000with_prefixwwwtripodlycoscomwwwtripodlycoscom
103.2993,http1921681928000with_prefixwwwtripodlycoscomwwwtripodlycoscom
96.106608,http1921681928000with_prefixwwwtripodlycoscomwwwtripodlycoscom
237.2058,http1921681928000without_prefixwwwtumblrcomwwwtumblrcom
229.554,http1921681928000without_prefixwwwtumblrcomwwwtumblrcom
231.08436,http1921681928000without_prefixwwwtumblrcomwwwtumblrcom
449.92584000000005,http1921681928000without_prefixwwwtumblrcomwwwtumblrcom
220.37184,http1921681928000without_prefixwwwtumblrcomwwwtumblrcom
226.49327999999997,http1921681928000without_prefixwwwtumblrcomwwwtumblrcom
224.96292000000003,http1921681928000without_prefixwwwtumblrcomwwwtumblrcom
232.61472,http1921681928000without_prefixwwwtumblrcomwwwtumblrcom
456.04728,http1921681928000without_prefixwwwtumblrcomwwwtumblrcom
459.108,http1921681928000without_prefixwwwtumblrcomwwwtumblrcom
445.33475999999996,http1921681928000without_prefixwwwtumblrcomwwwtumblrcom
226.49327999999997,http1921681928000without_prefixwwwtumblrcomwwwtumblrcom
463.69908,http1921681928000without_prefixwwwtumblrcomwwwtumblrcom
463.69908,http1921681928000without_prefixwwwtumblrcomwwwtumblrcom
214.2504,http1921681928000without_prefixwwwtumblrcomwwwtumblrcom
313.7238,http1921681928000with_prefixwwwtumblrcomwwwtumblrcom
469.82052000000004,http1921681928000with_prefixwwwtumblrcomwwwtumblrcom
226.49327999999997,http1921681928000with_prefixwwwtumblrcomwwwtumblrcom
223.43256,http1921681928000with_prefixwwwtumblrcomwwwtumblrcom
228.02364,http1921681928000with_prefixwwwtumblrcomwwwtumblrcom
234.14507999999998,http1921681928000with_prefixwwwtumblrcomwwwtumblrcom
76.671036,http1921681928000with_prefixwwwtumblrcomwwwtumblrcom
226.49327999999997,http1921681928000with_prefixwwwtumblrcomwwwtumblrcom
234.14507999999998,http1921681928000with_prefixwwwtumblrcomwwwtumblrcom
260.1612,http1921681928000with_prefixwwwtumblrcomwwwtumblrcom
462.16872,http1921681928000with_prefixwwwtumblrcomwwwtumblrcom
237.2058,http1921681928000with_prefixwwwtumblrcomwwwtumblrcom
228.02364,http1921681928000with_prefixwwwtumblrcomwwwtumblrcom
234.14507999999998,http1921681928000with_prefixwwwtumblrcomwwwtumblrcom
232.61472,http1921681928000with_prefixwwwtumblrcomwwwtumblrcom
164.32631999999998,http1921681928000without_prefixwwwmibcomwwwmibcom
105.353136,http1921681928000without_prefixwwwmibcomwwwmibcom
181.21968,http1921681928000without_prefixwwwmibcomwwwmibcom
106.581744,http1921681928000without_prefixwwwmibcomwwwmibcom
104.278104,http1921681928000without_prefixwwwmibcomwwwmibcom
233.43552000000003,http1921681928000without_prefixwwwmibcomwwwmibcom
104.43168,http1921681928000without_prefixwwwmibcomwwwmibcom
102.12804,http1921681928000without_prefixwwwmibcomwwwmibcom
179.68392,http1921681928000without_prefixwwwmibcomwwwmibcom
179.68392,http1921681928000without_prefixwwwmibcomwwwmibcom
173.54088000000002,http1921681928000without_prefixwwwmibcomwwwmibcom
106.888896,http1921681928000without_prefixwwwmibcomwwwmibcom
104.278104,http1921681928000without_prefixwwwmibcomwwwmibcom
199.6488,http1921681928000without_prefixwwwmibcomwwwmibcom
104.278104,http1921681928000without_prefixwwwmibcomwwwmibcom
117.79279199999999,http1921681928000with_prefixwwwmibcomwwwmibcom
119.174976,http1921681928000with_prefixwwwmibcomwwwmibcom
117.17848799999999,http1921681928000with_prefixwwwmibcomwwwmibcom
193.50576,http1921681928000with_prefixwwwmibcomwwwmibcom
117.17848799999999,http1921681928000with_prefixwwwmibcomwwwmibcom
202.72032,http1921681928000with_prefixwwwmibcomwwwmibcom
210.39912,http1921681928000with_prefixwwwmibcomwwwmibcom
195.04152,http1921681928000with_prefixwwwmibcomwwwmibcom
101.36016,http1921681928000with_prefixwwwmibcomwwwmibcom
259.54344,http1921681928000with_prefixwwwmibcomwwwmibcom
116.87133600000001,http1921681928000with_prefixwwwmibcomwwwmibcom
179.68392,http1921681928000with_prefixwwwmibcomwwwmibcom
179.68392,http1921681928000with_prefixwwwmibcomwwwmibcom
115.796304,http1921681928000with_prefixwwwmibcomwwwmibcom
270.29376,http1921681928000with_prefixwwwmibcomwwwmibcom
201.18456,http1921681928000with_prefixwwwindeednlwwwindeednl
199.6488,http1921681928000with_prefixwwwindeednlwwwindeednl
181.21968,http1921681928000with_prefixwwwindeednlwwwindeednl
175.07664,http1921681928000with_prefixwwwindeednlwwwindeednl
181.21968,http1921681928000with_prefixwwwindeednlwwwindeednl
107.349624,http1921681928000with_prefixwwwindeednlwwwindeednl
92.759904,http1921681928000with_prefixwwwindeednlwwwindeednl
228.82824,http1921681928000with_prefixwwwindeednlwwwindeednl
176.6124,http1921681928000with_prefixwwwindeednlwwwindeednl
188.89848,http1921681928000with_prefixwwwindeednlwwwindeednl
221.14944,http1921681928000with_prefixwwwindeednlwwwindeednl
198.11303999999998,http1921681928000with_prefixwwwindeednlwwwindeednl
178.14816000000002,http1921681928000with_prefixwwwindeednlwwwindeednl
170.46936000000002,http1921681928000with_prefixwwwindeednlwwwindeednl
187.36272,http1921681928000with_prefixwwwindeednlwwwindeednl
104.892408,http1921681928000without_prefixwwwindeednlwwwindeednl
219.61368,http1921681928000without_prefixwwwindeednlwwwindeednl
247.25736,http1921681928000without_prefixwwwindeednlwwwindeednl
219.61368,http1921681928000without_prefixwwwindeednlwwwindeednl
178.14816000000002,http1921681928000without_prefixwwwindeednlwwwindeednl
178.14816000000002,http1921681928000without_prefixwwwindeednlwwwindeednl
107.196048,http1921681928000without_prefixwwwindeednlwwwindeednl
179.68392,http1921681928000without_prefixwwwindeednlwwwindeednl
222.6852,http1921681928000without_prefixwwwindeednlwwwindeednl
224.22096000000002,http1921681928000without_prefixwwwindeednlwwwindeednl
187.36272,http1921681928000without_prefixwwwindeednlwwwindeednl
156.64752,http1921681928000without_prefixwwwindeednlwwwindeednl
213.47064,http1921681928000without_prefixwwwindeednlwwwindeednl
224.22096000000002,http1921681928000without_prefixwwwindeednlwwwindeednl
178.14816000000002,http1921681928000without_prefixwwwindeednlwwwindeednl
