Loadtime (ms),filename
1075,/Timing=http://192.168.1.92:8000/without_prefix/trello.com/trello.com/?MTA3NQ==
1031,/Timing=http://192.168.1.92:8000/without_prefix/trello.com/trello.com/?MTAzMQ==
431,/Timing=http://192.168.1.92:8000/without_prefix/trello.com/trello.com/?NDMx
932,/Timing=http://192.168.1.92:8000/without_prefix/trello.com/trello.com/?OTMy
1762,/Timing=http://192.168.1.92:8000/without_prefix/trello.com/trello.com/?MTc2Mg==
709,/Timing=http://192.168.1.92:8000/without_prefix/trello.com/trello.com/?NzA5
1050,/Timing=http://192.168.1.92:8000/without_prefix/trello.com/trello.com/?MTA1MA==
558,/Timing=http://192.168.1.92:8000/without_prefix/trello.com/trello.com/?NTU4
1712,/Timing=http://192.168.1.92:8000/without_prefix/trello.com/trello.com/?MTcxMg==
677,/Timing=http://192.168.1.92:8000/without_prefix/trello.com/trello.com/?Njc3
1465,/Timing=http://192.168.1.92:8000/without_prefix/trello.com/trello.com/?MTQ2NQ==
1217,/Timing=http://192.168.1.92:8000/without_prefix/trello.com/trello.com/?MTIxNw==
1371,/Timing=http://192.168.1.92:8000/without_prefix/trello.com/trello.com/?MTM3MQ==
455,/Timing=http://192.168.1.92:8000/without_prefix/trello.com/trello.com/?NDU1
650,/Timing=http://192.168.1.92:8000/with_prefix/trello.com/trello.com/?NjUw
1994,/Timing=http://192.168.1.92:8000/with_prefix/trello.com/trello.com/?MTk5NA==
1271,/Timing=http://192.168.1.92:8000/with_prefix/trello.com/trello.com/?MTI3MQ==
1019,/Timing=http://192.168.1.92:8000/with_prefix/trello.com/trello.com/?MTAxOQ==
959,/Timing=http://192.168.1.92:8000/with_prefix/trello.com/trello.com/?OTU5
1402,/Timing=http://192.168.1.92:8000/with_prefix/trello.com/trello.com/?MTQwMg==
1424,/Timing=http://192.168.1.92:8000/with_prefix/trello.com/trello.com/?MTQyNA==
2152,/Timing=http://192.168.1.92:8000/with_prefix/trello.com/trello.com/?MjE1Mg==
1199,/Timing=http://192.168.1.92:8000/with_prefix/trello.com/trello.com/?MTE5OQ==
1278,/Timing=http://192.168.1.92:8000/with_prefix/trello.com/trello.com/?MTI3OA==
1673,/Timing=http://192.168.1.92:8000/with_prefix/trello.com/trello.com/?MTY3Mw==
1252,/Timing=http://192.168.1.92:8000/with_prefix/trello.com/trello.com/?MTI1Mg==
680,/Timing=http://192.168.1.92:8000/with_prefix/trello.com/trello.com/?Njgw
572,/Timing=http://192.168.1.92:8000/with_prefix/trello.com/trello.com/?NTcy
1464,/Timing=http://192.168.1.92:8000/with_prefix/trello.com/trello.com/?MTQ2NA==
333,/Timing=http://192.168.1.92:8000/without_prefix/twitter.com/twitter.com/?MzMz
553,/Timing=http://192.168.1.92:8000/without_prefix/twitter.com/twitter.com/?NTUz
642,/Timing=http://192.168.1.92:8000/without_prefix/twitter.com/twitter.com/?NjQy
618,/Timing=http://192.168.1.92:8000/without_prefix/twitter.com/twitter.com/?NjE4
450,/Timing=http://192.168.1.92:8000/without_prefix/twitter.com/twitter.com/?NDUw
414,/Timing=http://192.168.1.92:8000/without_prefix/twitter.com/twitter.com/?NDE0
487,/Timing=http://192.168.1.92:8000/without_prefix/twitter.com/twitter.com/?NDg3
425,/Timing=http://192.168.1.92:8000/without_prefix/twitter.com/twitter.com/?NDI1
507,/Timing=http://192.168.1.92:8000/without_prefix/twitter.com/twitter.com/?NTA3
242,/Timing=http://192.168.1.92:8000/without_prefix/twitter.com/twitter.com/?MjQy
201,/Timing=http://192.168.1.92:8000/without_prefix/twitter.com/twitter.com/?MjAx
455,/Timing=http://192.168.1.92:8000/without_prefix/twitter.com/twitter.com/?NDU1
341,/Timing=http://192.168.1.92:8000/without_prefix/twitter.com/twitter.com/?MzQx
407,/Timing=http://192.168.1.92:8000/without_prefix/twitter.com/twitter.com/?NDA3
354,/Timing=http://192.168.1.92:8000/without_prefix/twitter.com/twitter.com/?MzU0
413,/Timing=http://192.168.1.92:8000/with_prefix/twitter.com/twitter.com/?NDEz
341,/Timing=http://192.168.1.92:8000/with_prefix/twitter.com/twitter.com/?MzQx
437,/Timing=http://192.168.1.92:8000/with_prefix/twitter.com/twitter.com/?NDM3
363,/Timing=http://192.168.1.92:8000/with_prefix/twitter.com/twitter.com/?MzYz
375,/Timing=http://192.168.1.92:8000/with_prefix/twitter.com/twitter.com/?Mzc1
462,/Timing=http://192.168.1.92:8000/with_prefix/twitter.com/twitter.com/?NDYy
1559,/Timing=http://192.168.1.92:8000/with_prefix/twitter.com/twitter.com/?MTU1OQ==
303,/Timing=http://192.168.1.92:8000/with_prefix/twitter.com/twitter.com/?MzAz
182,/Timing=http://192.168.1.92:8000/with_prefix/twitter.com/twitter.com/?MTgy
391,/Timing=http://192.168.1.92:8000/with_prefix/twitter.com/twitter.com/?Mzkx
1915,/Timing=http://192.168.1.92:8000/with_prefix/twitter.com/twitter.com/?MTkxNQ==
332,/Timing=http://192.168.1.92:8000/with_prefix/twitter.com/twitter.com/?MzMy
347,/Timing=http://192.168.1.92:8000/with_prefix/twitter.com/twitter.com/?MzQ3
396,/Timing=http://192.168.1.92:8000/with_prefix/twitter.com/twitter.com/?Mzk2
412,/Timing=http://192.168.1.92:8000/with_prefix/twitter.com/twitter.com/?NDEy
513,/Timing=http://192.168.1.92:8000/without_prefix/wordpress.com/wordpress.com/?NTEz
365,/Timing=http://192.168.1.92:8000/without_prefix/wordpress.com/wordpress.com/?MzY1
398,/Timing=http://192.168.1.92:8000/without_prefix/wordpress.com/wordpress.com/?Mzk4
392,/Timing=http://192.168.1.92:8000/without_prefix/wordpress.com/wordpress.com/?Mzky
531,/Timing=http://192.168.1.92:8000/without_prefix/wordpress.com/wordpress.com/?NTMx
874,/Timing=http://192.168.1.92:8000/without_prefix/wordpress.com/wordpress.com/?ODc0
319,/Timing=http://192.168.1.92:8000/without_prefix/wordpress.com/wordpress.com/?MzE5
673,/Timing=http://192.168.1.92:8000/without_prefix/wordpress.com/wordpress.com/?Njcz
881,/Timing=http://192.168.1.92:8000/without_prefix/wordpress.com/wordpress.com/?ODgx
663,/Timing=http://192.168.1.92:8000/without_prefix/wordpress.com/wordpress.com/?NjYz
630,/Timing=http://192.168.1.92:8000/without_prefix/wordpress.com/wordpress.com/?NjMw
280,/Timing=http://192.168.1.92:8000/without_prefix/wordpress.com/wordpress.com/?Mjgw
664,/Timing=http://192.168.1.92:8000/without_prefix/wordpress.com/wordpress.com/?NjY0
1707,/Timing=http://192.168.1.92:8000/without_prefix/wordpress.com/wordpress.com/?MTcwNw==
530,/Timing=http://192.168.1.92:8000/without_prefix/wordpress.com/wordpress.com/?NTMw
469,/Timing=http://192.168.1.92:8000/with_prefix/wordpress.com/wordpress.com/?NDY5
681,/Timing=http://192.168.1.92:8000/with_prefix/wordpress.com/wordpress.com/?Njgx
645,/Timing=http://192.168.1.92:8000/with_prefix/wordpress.com/wordpress.com/?NjQ1
434,/Timing=http://192.168.1.92:8000/with_prefix/wordpress.com/wordpress.com/?NDM0
974,/Timing=http://192.168.1.92:8000/with_prefix/wordpress.com/wordpress.com/?OTc0
538,/Timing=http://192.168.1.92:8000/with_prefix/wordpress.com/wordpress.com/?NTM4
513,/Timing=http://192.168.1.92:8000/with_prefix/wordpress.com/wordpress.com/?NTEz
348,/Timing=http://192.168.1.92:8000/with_prefix/wordpress.com/wordpress.com/?MzQ4
572,/Timing=http://192.168.1.92:8000/with_prefix/wordpress.com/wordpress.com/?NTcy
468,/Timing=http://192.168.1.92:8000/with_prefix/wordpress.com/wordpress.com/?NDY4
533,/Timing=http://192.168.1.92:8000/with_prefix/wordpress.com/wordpress.com/?NTMz
681,/Timing=http://192.168.1.92:8000/with_prefix/wordpress.com/wordpress.com/?Njgx
269,/Timing=http://192.168.1.92:8000/with_prefix/wordpress.com/wordpress.com/?MjY5
353,/Timing=http://192.168.1.92:8000/without_prefix/www.amobee.com/www.amobee.com/?MzUz
344,/Timing=http://192.168.1.92:8000/without_prefix/www.amobee.com/www.amobee.com/?MzQ0
1002,/Timing=http://192.168.1.92:8000/without_prefix/www.amobee.com/www.amobee.com/?MTAwMg==
230,/Timing=http://192.168.1.92:8000/without_prefix/www.amobee.com/www.amobee.com/?MjMw
399,/Timing=http://192.168.1.92:8000/without_prefix/www.amobee.com/www.amobee.com/?Mzk5
265,/Timing=http://192.168.1.92:8000/without_prefix/www.amobee.com/www.amobee.com/?MjY1
483,/Timing=http://192.168.1.92:8000/without_prefix/www.amobee.com/www.amobee.com/?NDgz
370,/Timing=http://192.168.1.92:8000/without_prefix/www.amobee.com/www.amobee.com/?Mzcw
475,/Timing=http://192.168.1.92:8000/without_prefix/www.amobee.com/www.amobee.com/?NDc1
336,/Timing=http://192.168.1.92:8000/without_prefix/www.amobee.com/www.amobee.com/?MzM2
207,/Timing=http://192.168.1.92:8000/without_prefix/www.amobee.com/www.amobee.com/?MjA3
224,/Timing=http://192.168.1.92:8000/without_prefix/www.amobee.com/www.amobee.com/?MjI0
314,/Timing=http://192.168.1.92:8000/without_prefix/www.amobee.com/www.amobee.com/?MzE0
336,/Timing=http://192.168.1.92:8000/without_prefix/www.amobee.com/www.amobee.com/?MzM2
478,/Timing=http://192.168.1.92:8000/with_prefix/www.amobee.com/www.amobee.com/?NDc4
429,/Timing=http://192.168.1.92:8000/with_prefix/www.amobee.com/www.amobee.com/?NDI5
779,/Timing=http://192.168.1.92:8000/with_prefix/www.amobee.com/www.amobee.com/?Nzc5
552,/Timing=http://192.168.1.92:8000/with_prefix/www.amobee.com/www.amobee.com/?NTUy
342,/Timing=http://192.168.1.92:8000/with_prefix/www.amobee.com/www.amobee.com/?MzQy
224,/Timing=http://192.168.1.92:8000/with_prefix/www.amobee.com/www.amobee.com/?MjI0
569,/Timing=http://192.168.1.92:8000/with_prefix/www.amobee.com/www.amobee.com/?NTY5
261,/Timing=http://192.168.1.92:8000/with_prefix/www.amobee.com/www.amobee.com/?MjYx
260,/Timing=http://192.168.1.92:8000/with_prefix/www.amobee.com/www.amobee.com/?MjYw
283,/Timing=http://192.168.1.92:8000/with_prefix/www.amobee.com/www.amobee.com/?Mjgz
311,/Timing=http://192.168.1.92:8000/with_prefix/www.amobee.com/www.amobee.com/?MzEx
347,/Timing=http://192.168.1.92:8000/with_prefix/www.amobee.com/www.amobee.com/?MzQ3
309,/Timing=http://192.168.1.92:8000/with_prefix/www.amobee.com/www.amobee.com/?MzA5
335,/Timing=http://192.168.1.92:8000/with_prefix/www.amobee.com/www.amobee.com/?MzM1
1170,/Timing=http://192.168.1.92:8000/without_prefix/www.autodesk.com/www.autodesk.com/?MTE3MA==
1026,/Timing=http://192.168.1.92:8000/without_prefix/www.autodesk.com/www.autodesk.com/?MTAyNg==
937,/Timing=http://192.168.1.92:8000/without_prefix/www.autodesk.com/www.autodesk.com/?OTM3
1238,/Timing=http://192.168.1.92:8000/without_prefix/www.autodesk.com/www.autodesk.com/?MTIzOA==
1190,/Timing=http://192.168.1.92:8000/without_prefix/www.autodesk.com/www.autodesk.com/?MTE5MA==
2699,/Timing=http://192.168.1.92:8000/without_prefix/www.autodesk.com/www.autodesk.com/?MjY5OQ==
1286,/Timing=http://192.168.1.92:8000/without_prefix/www.autodesk.com/www.autodesk.com/?MTI4Ng==
424,/Timing=http://192.168.1.92:8000/without_prefix/www.autodesk.com/www.autodesk.com/?NDI0
1346,/Timing=http://192.168.1.92:8000/without_prefix/www.autodesk.com/www.autodesk.com/?MTM0Ng==
804,/Timing=http://192.168.1.92:8000/without_prefix/www.autodesk.com/www.autodesk.com/?ODA0
2102,/Timing=http://192.168.1.92:8000/without_prefix/www.autodesk.com/www.autodesk.com/?MjEwMg==
1131,/Timing=http://192.168.1.92:8000/without_prefix/www.autodesk.com/www.autodesk.com/?MTEzMQ==
1104,/Timing=http://192.168.1.92:8000/without_prefix/www.autodesk.com/www.autodesk.com/?MTEwNA==
999,/Timing=http://192.168.1.92:8000/without_prefix/www.autodesk.com/www.autodesk.com/?OTk5
1332,/Timing=http://192.168.1.92:8000/with_prefix/www.autodesk.com/www.autodesk.com/?MTMzMg==
705,/Timing=http://192.168.1.92:8000/with_prefix/www.autodesk.com/www.autodesk.com/?NzA1
1089,/Timing=http://192.168.1.92:8000/with_prefix/www.autodesk.com/www.autodesk.com/?MTA4OQ==
1069,/Timing=http://192.168.1.92:8000/with_prefix/www.autodesk.com/www.autodesk.com/?MTA2OQ==
906,/Timing=http://192.168.1.92:8000/with_prefix/www.autodesk.com/www.autodesk.com/?OTA2
1149,/Timing=http://192.168.1.92:8000/with_prefix/www.autodesk.com/www.autodesk.com/?MTE0OQ==
1159,/Timing=http://192.168.1.92:8000/with_prefix/www.autodesk.com/www.autodesk.com/?MTE1OQ==
685,/Timing=http://192.168.1.92:8000/with_prefix/www.autodesk.com/www.autodesk.com/?Njg1
1017,/Timing=http://192.168.1.92:8000/with_prefix/www.autodesk.com/www.autodesk.com/?MTAxNw==
1106,/Timing=http://192.168.1.92:8000/with_prefix/www.autodesk.com/www.autodesk.com/?MTEwNg==
916,/Timing=http://192.168.1.92:8000/with_prefix/www.autodesk.com/www.autodesk.com/?OTE2
1078,/Timing=http://192.168.1.92:8000/with_prefix/www.autodesk.com/www.autodesk.com/?MTA3OA==
1379,/Timing=http://192.168.1.92:8000/with_prefix/www.autodesk.com/www.autodesk.com/?MTM3OQ==
1172,/Timing=http://192.168.1.92:8000/with_prefix/www.autodesk.com/www.autodesk.com/?MTE3Mg==
940,/Timing=http://192.168.1.92:8000/with_prefix/www.autodesk.com/www.autodesk.com/?OTQw
570,/Timing=http://192.168.1.92:8000/without_prefix/www.avast.com/www.avast.com/nl-nl/?NTcw
668,/Timing=http://192.168.1.92:8000/without_prefix/www.avast.com/www.avast.com/nl-nl/?NjY4
954,/Timing=http://192.168.1.92:8000/without_prefix/www.avast.com/www.avast.com/nl-nl/?OTU0
947,/Timing=http://192.168.1.92:8000/without_prefix/www.avast.com/www.avast.com/nl-nl/?OTQ3
993,/Timing=http://192.168.1.92:8000/without_prefix/www.avast.com/www.avast.com/nl-nl/?OTkz
865,/Timing=http://192.168.1.92:8000/without_prefix/www.avast.com/www.avast.com/nl-nl/?ODY1
752,/Timing=http://192.168.1.92:8000/without_prefix/www.avast.com/www.avast.com/nl-nl/?NzUy
799,/Timing=http://192.168.1.92:8000/without_prefix/www.avast.com/www.avast.com/nl-nl/?Nzk5
707,/Timing=http://192.168.1.92:8000/without_prefix/www.avast.com/www.avast.com/nl-nl/?NzA3
908,/Timing=http://192.168.1.92:8000/without_prefix/www.avast.com/www.avast.com/nl-nl/?OTA4
759,/Timing=http://192.168.1.92:8000/without_prefix/www.avast.com/www.avast.com/nl-nl/?NzU5
396,/Timing=http://192.168.1.92:8000/without_prefix/www.avast.com/www.avast.com/nl-nl/?Mzk2
889,/Timing=http://192.168.1.92:8000/without_prefix/www.avast.com/www.avast.com/nl-nl/?ODg5
1067,/Timing=http://192.168.1.92:8000/without_prefix/www.avast.com/www.avast.com/nl-nl/?MTA2Nw==
779,/Timing=http://192.168.1.92:8000/without_prefix/www.avast.com/www.avast.com/nl-nl/?Nzc5
984,/Timing=http://192.168.1.92:8000/with_prefix/www.avast.com/www.avast.com/nl-nl/?OTg0
619,/Timing=http://192.168.1.92:8000/with_prefix/www.avast.com/www.avast.com/nl-nl/?NjE5
1522,/Timing=http://192.168.1.92:8000/with_prefix/www.avast.com/www.avast.com/nl-nl/?MTUyMg==
965,/Timing=http://192.168.1.92:8000/with_prefix/www.avast.com/www.avast.com/nl-nl/?OTY1
1208,/Timing=http://192.168.1.92:8000/with_prefix/www.avast.com/www.avast.com/nl-nl/?MTIwOA==
915,/Timing=http://192.168.1.92:8000/with_prefix/www.avast.com/www.avast.com/nl-nl/?OTE1
719,/Timing=http://192.168.1.92:8000/with_prefix/www.avast.com/www.avast.com/nl-nl/?NzE5
1716,/Timing=http://192.168.1.92:8000/with_prefix/www.avast.com/www.avast.com/nl-nl/?MTcxNg==
982,/Timing=http://192.168.1.92:8000/with_prefix/www.avast.com/www.avast.com/nl-nl/?OTgy
752,/Timing=http://192.168.1.92:8000/with_prefix/www.avast.com/www.avast.com/nl-nl/?NzUy
845,/Timing=http://192.168.1.92:8000/with_prefix/www.avast.com/www.avast.com/nl-nl/?ODQ1
465,/Timing=http://192.168.1.92:8000/with_prefix/www.avast.com/www.avast.com/nl-nl/?NDY1
744,/Timing=http://192.168.1.92:8000/with_prefix/www.avast.com/www.avast.com/nl-nl/?NzQ0
690,/Timing=http://192.168.1.92:8000/with_prefix/www.avast.com/www.avast.com/nl-nl/?Njkw
896,/Timing=http://192.168.1.92:8000/with_prefix/www.avast.com/www.avast.com/nl-nl/?ODk2
898,/Timing=http://192.168.1.92:8000/without_prefix/www.booking.com/www.booking.com/index.en-gb.html?ODk4
611,/Timing=http://192.168.1.92:8000/without_prefix/www.booking.com/www.booking.com/index.en-gb.html?NjEx
739,/Timing=http://192.168.1.92:8000/without_prefix/www.booking.com/www.booking.com/index.en-gb.html?NzM5
653,/Timing=http://192.168.1.92:8000/without_prefix/www.booking.com/www.booking.com/index.en-gb.html?NjUz
1010,/Timing=http://192.168.1.92:8000/without_prefix/www.booking.com/www.booking.com/index.en-gb.html?MTAxMA==
1266,/Timing=http://192.168.1.92:8000/without_prefix/www.booking.com/www.booking.com/index.en-gb.html?MTI2Ng==
1085,/Timing=http://192.168.1.92:8000/without_prefix/www.booking.com/www.booking.com/index.en-gb.html?MTA4NQ==
970,/Timing=http://192.168.1.92:8000/without_prefix/www.booking.com/www.booking.com/index.en-gb.html?OTcw
1090,/Timing=http://192.168.1.92:8000/without_prefix/www.booking.com/www.booking.com/index.en-gb.html?MTA5MA==
989,/Timing=http://192.168.1.92:8000/without_prefix/www.booking.com/www.booking.com/index.en-gb.html?OTg5
1140,/Timing=http://192.168.1.92:8000/without_prefix/www.booking.com/www.booking.com/index.en-gb.html?MTE0MA==
1254,/Timing=http://192.168.1.92:8000/without_prefix/www.booking.com/www.booking.com/index.en-gb.html?MTI1NA==
1246,/Timing=http://192.168.1.92:8000/without_prefix/www.booking.com/www.booking.com/index.en-gb.html?MTI0Ng==
1079,/Timing=http://192.168.1.92:8000/without_prefix/www.booking.com/www.booking.com/index.en-gb.html?MTA3OQ==
555,/Timing=http://192.168.1.92:8000/without_prefix/www.booking.com/www.booking.com/index.en-gb.html?NTU1
1128,/Timing=http://192.168.1.92:8000/with_prefix/www.booking.com/www.booking.com/index.en-gb.html?MTEyOA==
1069,/Timing=http://192.168.1.92:8000/with_prefix/www.booking.com/www.booking.com/index.en-gb.html?MTA2OQ==
1245,/Timing=http://192.168.1.92:8000/with_prefix/www.booking.com/www.booking.com/index.en-gb.html?MTI0NQ==
895,/Timing=http://192.168.1.92:8000/with_prefix/www.booking.com/www.booking.com/index.en-gb.html?ODk1
1307,/Timing=http://192.168.1.92:8000/with_prefix/www.booking.com/www.booking.com/index.en-gb.html?MTMwNw==
1013,/Timing=http://192.168.1.92:8000/with_prefix/www.booking.com/www.booking.com/index.en-gb.html?MTAxMw==
846,/Timing=http://192.168.1.92:8000/with_prefix/www.booking.com/www.booking.com/index.en-gb.html?ODQ2
1075,/Timing=http://192.168.1.92:8000/with_prefix/www.booking.com/www.booking.com/index.en-gb.html?MTA3NQ==
1098,/Timing=http://192.168.1.92:8000/with_prefix/www.booking.com/www.booking.com/index.en-gb.html?MTA5OA==
926,/Timing=http://192.168.1.92:8000/with_prefix/www.booking.com/www.booking.com/index.en-gb.html?OTI2
615,/Timing=http://192.168.1.92:8000/with_prefix/www.booking.com/www.booking.com/index.en-gb.html?NjE1
946,/Timing=http://192.168.1.92:8000/with_prefix/www.booking.com/www.booking.com/index.en-gb.html?OTQ2
569,/Timing=http://192.168.1.92:8000/with_prefix/www.booking.com/www.booking.com/index.en-gb.html?NTY5
863,/Timing=http://192.168.1.92:8000/with_prefix/www.booking.com/www.booking.com/index.en-gb.html?ODYz
616,/Timing=http://192.168.1.92:8000/with_prefix/www.booking.com/www.booking.com/index.en-gb.html?NjE2
3032,/Timing=http://192.168.1.92:8000/without_prefix/www.cosmopolitan.com/www.cosmopolitan.com/?MzAzMg==
1024,/Timing=http://192.168.1.92:8000/without_prefix/www.cosmopolitan.com/www.cosmopolitan.com/?MTAyNA==
1184,/Timing=http://192.168.1.92:8000/without_prefix/www.cosmopolitan.com/www.cosmopolitan.com/?MTE4NA==
1811,/Timing=http://192.168.1.92:8000/without_prefix/www.cosmopolitan.com/www.cosmopolitan.com/?MTgxMQ==
1807,/Timing=http://192.168.1.92:8000/without_prefix/www.cosmopolitan.com/www.cosmopolitan.com/?MTgwNw==
1048,/Timing=http://192.168.1.92:8000/without_prefix/www.cosmopolitan.com/www.cosmopolitan.com/?MTA0OA==
991,/Timing=http://192.168.1.92:8000/without_prefix/www.cosmopolitan.com/www.cosmopolitan.com/?OTkx
1497,/Timing=http://192.168.1.92:8000/without_prefix/www.cosmopolitan.com/www.cosmopolitan.com/?MTQ5Nw==
949,/Timing=http://192.168.1.92:8000/without_prefix/www.cosmopolitan.com/www.cosmopolitan.com/?OTQ5
1618,/Timing=http://192.168.1.92:8000/without_prefix/www.cosmopolitan.com/www.cosmopolitan.com/?MTYxOA==
1342,/Timing=http://192.168.1.92:8000/without_prefix/www.cosmopolitan.com/www.cosmopolitan.com/?MTM0Mg==
2742,/Timing=http://192.168.1.92:8000/without_prefix/www.cosmopolitan.com/www.cosmopolitan.com/?Mjc0Mg==
1287,/Timing=http://192.168.1.92:8000/without_prefix/www.cosmopolitan.com/www.cosmopolitan.com/?MTI4Nw==
1672,/Timing=http://192.168.1.92:8000/without_prefix/www.cosmopolitan.com/www.cosmopolitan.com/?MTY3Mg==
1899,/Timing=http://192.168.1.92:8000/with_prefix/www.cosmopolitan.com/www.cosmopolitan.com/?MTg5OQ==
2469,/Timing=http://192.168.1.92:8000/with_prefix/www.cosmopolitan.com/www.cosmopolitan.com/?MjQ2OQ==
2147,/Timing=http://192.168.1.92:8000/with_prefix/www.cosmopolitan.com/www.cosmopolitan.com/?MjE0Nw==
1328,/Timing=http://192.168.1.92:8000/with_prefix/www.cosmopolitan.com/www.cosmopolitan.com/?MTMyOA==
1229,/Timing=http://192.168.1.92:8000/with_prefix/www.cosmopolitan.com/www.cosmopolitan.com/?MTIyOQ==
1370,/Timing=http://192.168.1.92:8000/with_prefix/www.cosmopolitan.com/www.cosmopolitan.com/?MTM3MA==
1264,/Timing=http://192.168.1.92:8000/with_prefix/www.cosmopolitan.com/www.cosmopolitan.com/?MTI2NA==
1077,/Timing=http://192.168.1.92:8000/with_prefix/www.cosmopolitan.com/www.cosmopolitan.com/?MTA3Nw==
1118,/Timing=http://192.168.1.92:8000/with_prefix/www.cosmopolitan.com/www.cosmopolitan.com/?MTExOA==
1752,/Timing=http://192.168.1.92:8000/with_prefix/www.cosmopolitan.com/www.cosmopolitan.com/?MTc1Mg==
899,/Timing=http://192.168.1.92:8000/with_prefix/www.cosmopolitan.com/www.cosmopolitan.com/?ODk5
1087,/Timing=http://192.168.1.92:8000/with_prefix/www.cosmopolitan.com/www.cosmopolitan.com/?MTA4Nw==
1293,/Timing=http://192.168.1.92:8000/with_prefix/www.cosmopolitan.com/www.cosmopolitan.com/?MTI5Mw==
2650,/Timing=http://192.168.1.92:8000/with_prefix/www.cosmopolitan.com/www.cosmopolitan.com/?MjY1MA==
1355,/Timing=http://192.168.1.92:8000/with_prefix/www.cosmopolitan.com/www.cosmopolitan.com/?MTM1NQ==
455,/Timing=http://192.168.1.92:8000/without_prefix/www.criteo.com/www.criteo.com/?NDU1
474,/Timing=http://192.168.1.92:8000/without_prefix/www.criteo.com/www.criteo.com/?NDc0
953,/Timing=http://192.168.1.92:8000/without_prefix/www.criteo.com/www.criteo.com/?OTUz
371,/Timing=http://192.168.1.92:8000/without_prefix/www.criteo.com/www.criteo.com/?Mzcx
643,/Timing=http://192.168.1.92:8000/without_prefix/www.criteo.com/www.criteo.com/?NjQz
564,/Timing=http://192.168.1.92:8000/without_prefix/www.criteo.com/www.criteo.com/?NTY0
970,/Timing=http://192.168.1.92:8000/without_prefix/www.criteo.com/www.criteo.com/?OTcw
637,/Timing=http://192.168.1.92:8000/without_prefix/www.criteo.com/www.criteo.com/?NjM3
592,/Timing=http://192.168.1.92:8000/without_prefix/www.criteo.com/www.criteo.com/?NTky
811,/Timing=http://192.168.1.92:8000/without_prefix/www.criteo.com/www.criteo.com/?ODEx
1530,/Timing=http://192.168.1.92:8000/without_prefix/www.criteo.com/www.criteo.com/?MTUzMA==
567,/Timing=http://192.168.1.92:8000/without_prefix/www.criteo.com/www.criteo.com/?NTY3
296,/Timing=http://192.168.1.92:8000/without_prefix/www.criteo.com/www.criteo.com/?Mjk2
2397,/Timing=http://192.168.1.92:8000/without_prefix/www.criteo.com/www.criteo.com/?MjM5Nw==
1335,/Timing=http://192.168.1.92:8000/without_prefix/www.criteo.com/www.criteo.com/?MTMzNQ==
574,/Timing=http://192.168.1.92:8000/with_prefix/www.criteo.com/www.criteo.com/?NTc0
615,/Timing=http://192.168.1.92:8000/with_prefix/www.criteo.com/www.criteo.com/?NjE1
384,/Timing=http://192.168.1.92:8000/with_prefix/www.criteo.com/www.criteo.com/?Mzg0
614,/Timing=http://192.168.1.92:8000/with_prefix/www.criteo.com/www.criteo.com/?NjE0
822,/Timing=http://192.168.1.92:8000/with_prefix/www.criteo.com/www.criteo.com/?ODIy
908,/Timing=http://192.168.1.92:8000/with_prefix/www.criteo.com/www.criteo.com/?OTA4
723,/Timing=http://192.168.1.92:8000/with_prefix/www.criteo.com/www.criteo.com/?NzIz
546,/Timing=http://192.168.1.92:8000/with_prefix/www.criteo.com/www.criteo.com/?NTQ2
495,/Timing=http://192.168.1.92:8000/with_prefix/www.criteo.com/www.criteo.com/?NDk1
591,/Timing=http://192.168.1.92:8000/with_prefix/www.criteo.com/www.criteo.com/?NTkx
575,/Timing=http://192.168.1.92:8000/with_prefix/www.criteo.com/www.criteo.com/?NTc1
362,/Timing=http://192.168.1.92:8000/with_prefix/www.criteo.com/www.criteo.com/?MzYy
1013,/Timing=http://192.168.1.92:8000/with_prefix/www.criteo.com/www.criteo.com/?MTAxMw==
520,/Timing=http://192.168.1.92:8000/with_prefix/www.criteo.com/www.criteo.com/?NTIw
933,/Timing=http://192.168.1.92:8000/with_prefix/www.criteo.com/www.criteo.com/?OTMz
590,/Timing=http://192.168.1.92:8000/without_prefix/www.dropbox.com/www.dropbox.com/?NTkw
650,/Timing=http://192.168.1.92:8000/without_prefix/www.dropbox.com/www.dropbox.com/?NjUw
668,/Timing=http://192.168.1.92:8000/without_prefix/www.dropbox.com/www.dropbox.com/?NjY4
728,/Timing=http://192.168.1.92:8000/without_prefix/www.dropbox.com/www.dropbox.com/?NzI4
621,/Timing=http://192.168.1.92:8000/without_prefix/www.dropbox.com/www.dropbox.com/?NjIx
387,/Timing=http://192.168.1.92:8000/without_prefix/www.dropbox.com/www.dropbox.com/?Mzg3
527,/Timing=http://192.168.1.92:8000/without_prefix/www.dropbox.com/www.dropbox.com/?NTI3
438,/Timing=http://192.168.1.92:8000/without_prefix/www.dropbox.com/www.dropbox.com/?NDM4
488,/Timing=http://192.168.1.92:8000/without_prefix/www.dropbox.com/www.dropbox.com/?NDg4
605,/Timing=http://192.168.1.92:8000/without_prefix/www.dropbox.com/www.dropbox.com/?NjA1
984,/Timing=http://192.168.1.92:8000/without_prefix/www.dropbox.com/www.dropbox.com/?OTg0
649,/Timing=http://192.168.1.92:8000/without_prefix/www.dropbox.com/www.dropbox.com/?NjQ5
595,/Timing=http://192.168.1.92:8000/without_prefix/www.dropbox.com/www.dropbox.com/?NTk1
1074,/Timing=http://192.168.1.92:8000/without_prefix/www.dropbox.com/www.dropbox.com/?MTA3NA==
1251,/Timing=http://192.168.1.92:8000/without_prefix/www.dropbox.com/www.dropbox.com/?MTI1MQ==
568,/Timing=http://192.168.1.92:8000/with_prefix/www.dropbox.com/www.dropbox.com/?NTY4
818,/Timing=http://192.168.1.92:8000/with_prefix/www.dropbox.com/www.dropbox.com/?ODE4
497,/Timing=http://192.168.1.92:8000/with_prefix/www.dropbox.com/www.dropbox.com/?NDk3
430,/Timing=http://192.168.1.92:8000/with_prefix/www.dropbox.com/www.dropbox.com/?NDMw
923,/Timing=http://192.168.1.92:8000/with_prefix/www.dropbox.com/www.dropbox.com/?OTIz
557,/Timing=http://192.168.1.92:8000/with_prefix/www.dropbox.com/www.dropbox.com/?NTU3
794,/Timing=http://192.168.1.92:8000/with_prefix/www.dropbox.com/www.dropbox.com/?Nzk0
800,/Timing=http://192.168.1.92:8000/with_prefix/www.dropbox.com/www.dropbox.com/?ODAw
704,/Timing=http://192.168.1.92:8000/with_prefix/www.dropbox.com/www.dropbox.com/?NzA0
598,/Timing=http://192.168.1.92:8000/with_prefix/www.dropbox.com/www.dropbox.com/?NTk4
744,/Timing=http://192.168.1.92:8000/with_prefix/www.dropbox.com/www.dropbox.com/?NzQ0
448,/Timing=http://192.168.1.92:8000/with_prefix/www.dropbox.com/www.dropbox.com/?NDQ4
494,/Timing=http://192.168.1.92:8000/with_prefix/www.dropbox.com/www.dropbox.com/?NDk0
548,/Timing=http://192.168.1.92:8000/with_prefix/www.dropbox.com/www.dropbox.com/?NTQ4
709,/Timing=http://192.168.1.92:8000/with_prefix/www.dropbox.com/www.dropbox.com/?NzA5
1486,/Timing=http://192.168.1.92:8000/without_prefix/www.fandom.com/www.fandom.com/?MTQ4Ng==
14741,/Timing=http://192.168.1.92:8000/without_prefix/www.fandom.com/www.fandom.com/?MTQ3NDE=
1276,/Timing=http://192.168.1.92:8000/without_prefix/www.fandom.com/www.fandom.com/?MTI3Ng==
1493,/Timing=http://192.168.1.92:8000/without_prefix/www.fandom.com/www.fandom.com/?MTQ5Mw==
1525,/Timing=http://192.168.1.92:8000/without_prefix/www.fandom.com/www.fandom.com/?MTUyNQ==
1125,/Timing=http://192.168.1.92:8000/without_prefix/www.fandom.com/www.fandom.com/?MTEyNQ==
1119,/Timing=http://192.168.1.92:8000/without_prefix/www.fandom.com/www.fandom.com/?MTExOQ==
739,/Timing=http://192.168.1.92:8000/without_prefix/www.fandom.com/www.fandom.com/?NzM5
1415,/Timing=http://192.168.1.92:8000/without_prefix/www.fandom.com/www.fandom.com/?MTQxNQ==
2561,/Timing=http://192.168.1.92:8000/without_prefix/www.fandom.com/www.fandom.com/?MjU2MQ==
1213,/Timing=http://192.168.1.92:8000/without_prefix/www.fandom.com/www.fandom.com/?MTIxMw==
979,/Timing=http://192.168.1.92:8000/without_prefix/www.fandom.com/www.fandom.com/?OTc5
1437,/Timing=http://192.168.1.92:8000/without_prefix/www.fandom.com/www.fandom.com/?MTQzNw==
1414,/Timing=http://192.168.1.92:8000/without_prefix/www.fandom.com/www.fandom.com/?MTQxNA==
798,/Timing=http://192.168.1.92:8000/with_prefix/www.fandom.com/www.fandom.com/?Nzk4
598,/Timing=http://192.168.1.92:8000/with_prefix/www.fandom.com/www.fandom.com/?NTk4
2308,/Timing=http://192.168.1.92:8000/with_prefix/www.fandom.com/www.fandom.com/?MjMwOA==
1368,/Timing=http://192.168.1.92:8000/with_prefix/www.fandom.com/www.fandom.com/?MTM2OA==
931,/Timing=http://192.168.1.92:8000/with_prefix/www.fandom.com/www.fandom.com/?OTMx
1450,/Timing=http://192.168.1.92:8000/with_prefix/www.fandom.com/www.fandom.com/?MTQ1MA==
1638,/Timing=http://192.168.1.92:8000/with_prefix/www.fandom.com/www.fandom.com/?MTYzOA==
1521,/Timing=http://192.168.1.92:8000/with_prefix/www.fandom.com/www.fandom.com/?MTUyMQ==
593,/Timing=http://192.168.1.92:8000/with_prefix/www.fandom.com/www.fandom.com/?NTkz
756,/Timing=http://192.168.1.92:8000/with_prefix/www.fandom.com/www.fandom.com/?NzU2
495,/Timing=http://192.168.1.92:8000/with_prefix/www.fandom.com/www.fandom.com/?NDk1
619,/Timing=http://192.168.1.92:8000/with_prefix/www.fandom.com/www.fandom.com/?NjE5
3371,/Timing=http://192.168.1.92:8000/with_prefix/www.fandom.com/www.fandom.com/?MzM3MQ==
1488,/Timing=http://192.168.1.92:8000/without_prefix/www.godaddy.com/www.godaddy.com/?MTQ4OA==
1474,/Timing=http://192.168.1.92:8000/without_prefix/www.godaddy.com/www.godaddy.com/?MTQ3NA==
1972,/Timing=http://192.168.1.92:8000/without_prefix/www.godaddy.com/www.godaddy.com/?MTk3Mg==
1521,/Timing=http://192.168.1.92:8000/without_prefix/www.godaddy.com/www.godaddy.com/?MTUyMQ==
1841,/Timing=http://192.168.1.92:8000/without_prefix/www.godaddy.com/www.godaddy.com/?MTg0MQ==
2120,/Timing=http://192.168.1.92:8000/without_prefix/www.godaddy.com/www.godaddy.com/?MjEyMA==
1025,/Timing=http://192.168.1.92:8000/without_prefix/www.godaddy.com/www.godaddy.com/?MTAyNQ==
3850,/Timing=http://192.168.1.92:8000/without_prefix/www.godaddy.com/www.godaddy.com/?Mzg1MA==
1151,/Timing=http://192.168.1.92:8000/without_prefix/www.godaddy.com/www.godaddy.com/?MTE1MQ==
2259,/Timing=http://192.168.1.92:8000/without_prefix/www.godaddy.com/www.godaddy.com/?MjI1OQ==
5147,/Timing=http://192.168.1.92:8000/without_prefix/www.godaddy.com/www.godaddy.com/?NTE0Nw==
4354,/Timing=http://192.168.1.92:8000/without_prefix/www.godaddy.com/www.godaddy.com/?NDM1NA==
3203,/Timing=http://192.168.1.92:8000/without_prefix/www.godaddy.com/www.godaddy.com/?MzIwMw==
2404,/Timing=http://192.168.1.92:8000/without_prefix/www.godaddy.com/www.godaddy.com/?MjQwNA==
6152,/Timing=http://192.168.1.92:8000/with_prefix/www.godaddy.com/www.godaddy.com/?NjE1Mg==
1667,/Timing=http://192.168.1.92:8000/with_prefix/www.godaddy.com/www.godaddy.com/?MTY2Nw==
2450,/Timing=http://192.168.1.92:8000/with_prefix/www.godaddy.com/www.godaddy.com/?MjQ1MA==
1880,/Timing=http://192.168.1.92:8000/with_prefix/www.godaddy.com/www.godaddy.com/?MTg4MA==
1753,/Timing=http://192.168.1.92:8000/with_prefix/www.godaddy.com/www.godaddy.com/?MTc1Mw==
926,/Timing=http://192.168.1.92:8000/with_prefix/www.godaddy.com/www.godaddy.com/?OTI2
1759,/Timing=http://192.168.1.92:8000/with_prefix/www.godaddy.com/www.godaddy.com/?MTc1OQ==
1801,/Timing=http://192.168.1.92:8000/with_prefix/www.godaddy.com/www.godaddy.com/?MTgwMQ==
1655,/Timing=http://192.168.1.92:8000/with_prefix/www.godaddy.com/www.godaddy.com/?MTY1NQ==
1137,/Timing=http://192.168.1.92:8000/with_prefix/www.godaddy.com/www.godaddy.com/?MTEzNw==
1176,/Timing=http://192.168.1.92:8000/with_prefix/www.godaddy.com/www.godaddy.com/?MTE3Ng==
2543,/Timing=http://192.168.1.92:8000/with_prefix/www.godaddy.com/www.godaddy.com/?MjU0Mw==
1063,/Timing=http://192.168.1.92:8000/with_prefix/www.godaddy.com/www.godaddy.com/?MTA2Mw==
1609,/Timing=http://192.168.1.92:8000/with_prefix/www.godaddy.com/www.godaddy.com/?MTYwOQ==
1443,/Timing=http://192.168.1.92:8000/with_prefix/www.godaddy.com/www.godaddy.com/?MTQ0Mw==
1025,/Timing=http://192.168.1.92:8000/without_prefix/www.howtogeek.com/www.howtogeek.com/?MTAyNQ==
612,/Timing=http://192.168.1.92:8000/without_prefix/www.howtogeek.com/www.howtogeek.com/?NjEy
614,/Timing=http://192.168.1.92:8000/without_prefix/www.howtogeek.com/www.howtogeek.com/?NjE0
470,/Timing=http://192.168.1.92:8000/without_prefix/www.howtogeek.com/www.howtogeek.com/?NDcw
849,/Timing=http://192.168.1.92:8000/without_prefix/www.howtogeek.com/www.howtogeek.com/?ODQ5
457,/Timing=http://192.168.1.92:8000/without_prefix/www.howtogeek.com/www.howtogeek.com/?NDU3
713,/Timing=http://192.168.1.92:8000/without_prefix/www.howtogeek.com/www.howtogeek.com/?NzEz
420,/Timing=http://192.168.1.92:8000/without_prefix/www.howtogeek.com/www.howtogeek.com/?NDIw
429,/Timing=http://192.168.1.92:8000/without_prefix/www.howtogeek.com/www.howtogeek.com/?NDI5
308,/Timing=http://192.168.1.92:8000/without_prefix/www.howtogeek.com/www.howtogeek.com/?MzA4
688,/Timing=http://192.168.1.92:8000/without_prefix/www.howtogeek.com/www.howtogeek.com/?Njg4
628,/Timing=http://192.168.1.92:8000/without_prefix/www.howtogeek.com/www.howtogeek.com/?NjI4
849,/Timing=http://192.168.1.92:8000/without_prefix/www.howtogeek.com/www.howtogeek.com/?ODQ5
604,/Timing=http://192.168.1.92:8000/without_prefix/www.howtogeek.com/www.howtogeek.com/?NjA0
822,/Timing=http://192.168.1.92:8000/without_prefix/www.howtogeek.com/www.howtogeek.com/?ODIy
360,/Timing=http://192.168.1.92:8000/with_prefix/www.howtogeek.com/www.howtogeek.com/?MzYw
457,/Timing=http://192.168.1.92:8000/with_prefix/www.howtogeek.com/www.howtogeek.com/?NDU3
1438,/Timing=http://192.168.1.92:8000/with_prefix/www.howtogeek.com/www.howtogeek.com/?MTQzOA==
595,/Timing=http://192.168.1.92:8000/with_prefix/www.howtogeek.com/www.howtogeek.com/?NTk1
1298,/Timing=http://192.168.1.92:8000/with_prefix/www.howtogeek.com/www.howtogeek.com/?MTI5OA==
671,/Timing=http://192.168.1.92:8000/with_prefix/www.howtogeek.com/www.howtogeek.com/?Njcx
686,/Timing=http://192.168.1.92:8000/with_prefix/www.howtogeek.com/www.howtogeek.com/?Njg2
1051,/Timing=http://192.168.1.92:8000/with_prefix/www.howtogeek.com/www.howtogeek.com/?MTA1MQ==
776,/Timing=http://192.168.1.92:8000/with_prefix/www.howtogeek.com/www.howtogeek.com/?Nzc2
1222,/Timing=http://192.168.1.92:8000/with_prefix/www.howtogeek.com/www.howtogeek.com/?MTIyMg==
2679,/Timing=http://192.168.1.92:8000/with_prefix/www.howtogeek.com/www.howtogeek.com/?MjY3OQ==
1324,/Timing=http://192.168.1.92:8000/with_prefix/www.howtogeek.com/www.howtogeek.com/?MTMyNA==
759,/Timing=http://192.168.1.92:8000/with_prefix/www.howtogeek.com/www.howtogeek.com/?NzU5
467,/Timing=http://192.168.1.92:8000/with_prefix/www.howtogeek.com/www.howtogeek.com/?NDY3
246,/Timing=http://192.168.1.92:8000/without_prefix/www.indeed.nl/www.indeed.nl/?MjQ2
594,/Timing=http://192.168.1.92:8000/without_prefix/www.indeed.nl/www.indeed.nl/?NTk0
441,/Timing=http://192.168.1.92:8000/without_prefix/www.indeed.nl/www.indeed.nl/?NDQx
452,/Timing=http://192.168.1.92:8000/without_prefix/www.indeed.nl/www.indeed.nl/?NDUy
522,/Timing=http://192.168.1.92:8000/without_prefix/www.indeed.nl/www.indeed.nl/?NTIy
525,/Timing=http://192.168.1.92:8000/without_prefix/www.indeed.nl/www.indeed.nl/?NTI1
388,/Timing=http://192.168.1.92:8000/without_prefix/www.indeed.nl/www.indeed.nl/?Mzg4
389,/Timing=http://192.168.1.92:8000/without_prefix/www.indeed.nl/www.indeed.nl/?Mzg5
367,/Timing=http://192.168.1.92:8000/without_prefix/www.indeed.nl/www.indeed.nl/?MzY3
512,/Timing=http://192.168.1.92:8000/without_prefix/www.indeed.nl/www.indeed.nl/?NTEy
362,/Timing=http://192.168.1.92:8000/without_prefix/www.indeed.nl/www.indeed.nl/?MzYy
404,/Timing=http://192.168.1.92:8000/without_prefix/www.indeed.nl/www.indeed.nl/?NDA0
451,/Timing=http://192.168.1.92:8000/without_prefix/www.indeed.nl/www.indeed.nl/?NDUx
1007,/Timing=http://192.168.1.92:8000/without_prefix/www.indeed.nl/www.indeed.nl/?MTAwNw==
863,/Timing=http://192.168.1.92:8000/without_prefix/www.indeed.nl/www.indeed.nl/?ODYz
384,/Timing=http://192.168.1.92:8000/with_prefix/www.indeed.nl/www.indeed.nl/?Mzg0
398,/Timing=http://192.168.1.92:8000/with_prefix/www.indeed.nl/www.indeed.nl/?Mzk4
317,/Timing=http://192.168.1.92:8000/with_prefix/www.indeed.nl/www.indeed.nl/?MzE3
299,/Timing=http://192.168.1.92:8000/with_prefix/www.indeed.nl/www.indeed.nl/?Mjk5
387,/Timing=http://192.168.1.92:8000/with_prefix/www.indeed.nl/www.indeed.nl/?Mzg3
453,/Timing=http://192.168.1.92:8000/with_prefix/www.indeed.nl/www.indeed.nl/?NDUz
612,/Timing=http://192.168.1.92:8000/with_prefix/www.indeed.nl/www.indeed.nl/?NjEy
536,/Timing=http://192.168.1.92:8000/with_prefix/www.indeed.nl/www.indeed.nl/?NTM2
383,/Timing=http://192.168.1.92:8000/with_prefix/www.indeed.nl/www.indeed.nl/?Mzgz
535,/Timing=http://192.168.1.92:8000/with_prefix/www.indeed.nl/www.indeed.nl/?NTM1
318,/Timing=http://192.168.1.92:8000/with_prefix/www.indeed.nl/www.indeed.nl/?MzE4
408,/Timing=http://192.168.1.92:8000/with_prefix/www.indeed.nl/www.indeed.nl/?NDA4
403,/Timing=http://192.168.1.92:8000/with_prefix/www.indeed.nl/www.indeed.nl/?NDAz
584,/Timing=http://192.168.1.92:8000/with_prefix/www.indeed.nl/www.indeed.nl/?NTg0
344,/Timing=http://192.168.1.92:8000/with_prefix/www.indeed.nl/www.indeed.nl/?MzQ0
254,/Timing=http://192.168.1.92:8000/without_prefix/www.mib.com/www.mib.com/?MjU0
145,/Timing=http://192.168.1.92:8000/without_prefix/www.mib.com/www.mib.com/?MTQ1
115,/Timing=http://192.168.1.92:8000/without_prefix/www.mib.com/www.mib.com/?MTE1
119,/Timing=http://192.168.1.92:8000/without_prefix/www.mib.com/www.mib.com/?MTE5
235,/Timing=http://192.168.1.92:8000/without_prefix/www.mib.com/www.mib.com/?MjM1
285,/Timing=http://192.168.1.92:8000/without_prefix/www.mib.com/www.mib.com/?Mjg1
198,/Timing=http://192.168.1.92:8000/without_prefix/www.mib.com/www.mib.com/?MTk4
196,/Timing=http://192.168.1.92:8000/without_prefix/www.mib.com/www.mib.com/?MTk2
172,/Timing=http://192.168.1.92:8000/without_prefix/www.mib.com/www.mib.com/?MTcy
172,/Timing=http://192.168.1.92:8000/without_prefix/www.mib.com/www.mib.com/?MTcy
243,/Timing=http://192.168.1.92:8000/without_prefix/www.mib.com/www.mib.com/?MjQz
174,/Timing=http://192.168.1.92:8000/without_prefix/www.mib.com/www.mib.com/?MTc0
308,/Timing=http://192.168.1.92:8000/without_prefix/www.mib.com/www.mib.com/?MzA4
186,/Timing=http://192.168.1.92:8000/without_prefix/www.mib.com/www.mib.com/?MTg2
128,/Timing=http://192.168.1.92:8000/without_prefix/www.mib.com/www.mib.com/?MTI4
163,/Timing=http://192.168.1.92:8000/with_prefix/www.mib.com/www.mib.com/?MTYz
197,/Timing=http://192.168.1.92:8000/with_prefix/www.mib.com/www.mib.com/?MTk3
235,/Timing=http://192.168.1.92:8000/with_prefix/www.mib.com/www.mib.com/?MjM1
134,/Timing=http://192.168.1.92:8000/with_prefix/www.mib.com/www.mib.com/?MTM0
154,/Timing=http://192.168.1.92:8000/with_prefix/www.mib.com/www.mib.com/?MTU0
143,/Timing=http://192.168.1.92:8000/with_prefix/www.mib.com/www.mib.com/?MTQz
150,/Timing=http://192.168.1.92:8000/with_prefix/www.mib.com/www.mib.com/?MTUw
146,/Timing=http://192.168.1.92:8000/with_prefix/www.mib.com/www.mib.com/?MTQ2
180,/Timing=http://192.168.1.92:8000/with_prefix/www.mib.com/www.mib.com/?MTgw
202,/Timing=http://192.168.1.92:8000/with_prefix/www.mib.com/www.mib.com/?MjAy
201,/Timing=http://192.168.1.92:8000/with_prefix/www.mib.com/www.mib.com/?MjAx
226,/Timing=http://192.168.1.92:8000/with_prefix/www.mib.com/www.mib.com/?MjI2
160,/Timing=http://192.168.1.92:8000/with_prefix/www.mib.com/www.mib.com/?MTYw
146,/Timing=http://192.168.1.92:8000/with_prefix/www.mib.com/www.mib.com/?MTQ2
80,/Timing=http://192.168.1.92:8000/with_prefix/www.mib.com/www.mib.com/?ODA=
256,/Timing=http://192.168.1.92:8000/without_prefix/www.office.com/www.office.com/?MjU2
397,/Timing=http://192.168.1.92:8000/without_prefix/www.office.com/www.office.com/?Mzk3
300,/Timing=http://192.168.1.92:8000/without_prefix/www.office.com/www.office.com/?MzAw
240,/Timing=http://192.168.1.92:8000/without_prefix/www.office.com/www.office.com/?MjQw
261,/Timing=http://192.168.1.92:8000/without_prefix/www.office.com/www.office.com/?MjYx
247,/Timing=http://192.168.1.92:8000/without_prefix/www.office.com/www.office.com/?MjQ3
316,/Timing=http://192.168.1.92:8000/without_prefix/www.office.com/www.office.com/?MzE2
194,/Timing=http://192.168.1.92:8000/without_prefix/www.office.com/www.office.com/?MTk0
307,/Timing=http://192.168.1.92:8000/without_prefix/www.office.com/www.office.com/?MzA3
300,/Timing=http://192.168.1.92:8000/without_prefix/www.office.com/www.office.com/?MzAw
219,/Timing=http://192.168.1.92:8000/without_prefix/www.office.com/www.office.com/?MjE5
443,/Timing=http://192.168.1.92:8000/without_prefix/www.office.com/www.office.com/?NDQz
249,/Timing=http://192.168.1.92:8000/without_prefix/www.office.com/www.office.com/?MjQ5
268,/Timing=http://192.168.1.92:8000/without_prefix/www.office.com/www.office.com/?MjY4
311,/Timing=http://192.168.1.92:8000/without_prefix/www.office.com/www.office.com/?MzEx
251,/Timing=http://192.168.1.92:8000/with_prefix/www.office.com/www.office.com/?MjUx
301,/Timing=http://192.168.1.92:8000/with_prefix/www.office.com/www.office.com/?MzAx
734,/Timing=http://192.168.1.92:8000/with_prefix/www.office.com/www.office.com/?NzM0
368,/Timing=http://192.168.1.92:8000/with_prefix/www.office.com/www.office.com/?MzY4
343,/Timing=http://192.168.1.92:8000/with_prefix/www.office.com/www.office.com/?MzQz
786,/Timing=http://192.168.1.92:8000/with_prefix/www.office.com/www.office.com/?Nzg2
366,/Timing=http://192.168.1.92:8000/with_prefix/www.office.com/www.office.com/?MzY2
214,/Timing=http://192.168.1.92:8000/with_prefix/www.office.com/www.office.com/?MjE0
274,/Timing=http://192.168.1.92:8000/with_prefix/www.office.com/www.office.com/?Mjc0
232,/Timing=http://192.168.1.92:8000/with_prefix/www.office.com/www.office.com/?MjMy
254,/Timing=http://192.168.1.92:8000/with_prefix/www.office.com/www.office.com/?MjU0
278,/Timing=http://192.168.1.92:8000/with_prefix/www.office.com/www.office.com/?Mjc4
265,/Timing=http://192.168.1.92:8000/with_prefix/www.office.com/www.office.com/?MjY1
227,/Timing=http://192.168.1.92:8000/with_prefix/www.office.com/www.office.com/?MjI3
292,/Timing=http://192.168.1.92:8000/with_prefix/www.office.com/www.office.com/?Mjky
436,/Timing=http://192.168.1.92:8000/without_prefix/www.oracle.com/www.oracle.com/?NDM2
154,/Timing=http://192.168.1.92:8000/without_prefix/www.oracle.com/www.oracle.com/?MTU0
242,/Timing=http://192.168.1.92:8000/without_prefix/www.oracle.com/www.oracle.com/?MjQy
211,/Timing=http://192.168.1.92:8000/without_prefix/www.oracle.com/www.oracle.com/?MjEx
154,/Timing=http://192.168.1.92:8000/without_prefix/www.oracle.com/www.oracle.com/?MTU0
138,/Timing=http://192.168.1.92:8000/without_prefix/www.oracle.com/www.oracle.com/?MTM4
191,/Timing=http://192.168.1.92:8000/without_prefix/www.oracle.com/www.oracle.com/?MTkx
189,/Timing=http://192.168.1.92:8000/without_prefix/www.oracle.com/www.oracle.com/?MTg5
198,/Timing=http://192.168.1.92:8000/without_prefix/www.oracle.com/www.oracle.com/?MTk4
227,/Timing=http://192.168.1.92:8000/without_prefix/www.oracle.com/www.oracle.com/?MjI3
196,/Timing=http://192.168.1.92:8000/without_prefix/www.oracle.com/www.oracle.com/?MTk2
211,/Timing=http://192.168.1.92:8000/without_prefix/www.oracle.com/www.oracle.com/?MjEx
236,/Timing=http://192.168.1.92:8000/without_prefix/www.oracle.com/www.oracle.com/?MjM2
221,/Timing=http://192.168.1.92:8000/without_prefix/www.oracle.com/www.oracle.com/?MjIx
230,/Timing=http://192.168.1.92:8000/without_prefix/www.oracle.com/www.oracle.com/?MjMw
172,/Timing=http://192.168.1.92:8000/with_prefix/www.oracle.com/www.oracle.com/?MTcy
190,/Timing=http://192.168.1.92:8000/with_prefix/www.oracle.com/www.oracle.com/?MTkw
153,/Timing=http://192.168.1.92:8000/with_prefix/www.oracle.com/www.oracle.com/?MTUz
142,/Timing=http://192.168.1.92:8000/with_prefix/www.oracle.com/www.oracle.com/?MTQy
182,/Timing=http://192.168.1.92:8000/with_prefix/www.oracle.com/www.oracle.com/?MTgy
216,/Timing=http://192.168.1.92:8000/with_prefix/www.oracle.com/www.oracle.com/?MjE2
270,/Timing=http://192.168.1.92:8000/with_prefix/www.oracle.com/www.oracle.com/?Mjcw
207,/Timing=http://192.168.1.92:8000/with_prefix/www.oracle.com/www.oracle.com/?MjA3
139,/Timing=http://192.168.1.92:8000/with_prefix/www.oracle.com/www.oracle.com/?MTM5
220,/Timing=http://192.168.1.92:8000/with_prefix/www.oracle.com/www.oracle.com/?MjIw
197,/Timing=http://192.168.1.92:8000/with_prefix/www.oracle.com/www.oracle.com/?MTk3
220,/Timing=http://192.168.1.92:8000/with_prefix/www.oracle.com/www.oracle.com/?MjIw
292,/Timing=http://192.168.1.92:8000/with_prefix/www.oracle.com/www.oracle.com/?Mjky
414,/Timing=http://192.168.1.92:8000/without_prefix/www.paypal.com/www.paypal.com/nl/home.html?NDE0
364,/Timing=http://192.168.1.92:8000/without_prefix/www.paypal.com/www.paypal.com/nl/home.html?MzY0
398,/Timing=http://192.168.1.92:8000/without_prefix/www.paypal.com/www.paypal.com/nl/home.html?Mzk4
312,/Timing=http://192.168.1.92:8000/without_prefix/www.paypal.com/www.paypal.com/nl/home.html?MzEy
429,/Timing=http://192.168.1.92:8000/without_prefix/www.paypal.com/www.paypal.com/nl/home.html?NDI5
351,/Timing=http://192.168.1.92:8000/without_prefix/www.paypal.com/www.paypal.com/nl/home.html?MzUx
398,/Timing=http://192.168.1.92:8000/without_prefix/www.paypal.com/www.paypal.com/nl/home.html?Mzk4
379,/Timing=http://192.168.1.92:8000/without_prefix/www.paypal.com/www.paypal.com/nl/home.html?Mzc5
417,/Timing=http://192.168.1.92:8000/without_prefix/www.paypal.com/www.paypal.com/nl/home.html?NDE3
344,/Timing=http://192.168.1.92:8000/without_prefix/www.paypal.com/www.paypal.com/nl/home.html?MzQ0
362,/Timing=http://192.168.1.92:8000/without_prefix/www.paypal.com/www.paypal.com/nl/home.html?MzYy
420,/Timing=http://192.168.1.92:8000/without_prefix/www.paypal.com/www.paypal.com/nl/home.html?NDIw
401,/Timing=http://192.168.1.92:8000/without_prefix/www.paypal.com/www.paypal.com/nl/home.html?NDAx
303,/Timing=http://192.168.1.92:8000/without_prefix/www.paypal.com/www.paypal.com/nl/home.html?MzAz
314,/Timing=http://192.168.1.92:8000/without_prefix/www.paypal.com/www.paypal.com/nl/home.html?MzE0
534,/Timing=http://192.168.1.92:8000/with_prefix/www.paypal.com/www.paypal.com/nl/home.html?NTM0
389,/Timing=http://192.168.1.92:8000/with_prefix/www.paypal.com/www.paypal.com/nl/home.html?Mzg5
407,/Timing=http://192.168.1.92:8000/with_prefix/www.paypal.com/www.paypal.com/nl/home.html?NDA3
724,/Timing=http://192.168.1.92:8000/with_prefix/www.paypal.com/www.paypal.com/nl/home.html?NzI0
250,/Timing=http://192.168.1.92:8000/with_prefix/www.paypal.com/www.paypal.com/nl/home.html?MjUw
377,/Timing=http://192.168.1.92:8000/with_prefix/www.paypal.com/www.paypal.com/nl/home.html?Mzc3
447,/Timing=http://192.168.1.92:8000/with_prefix/www.paypal.com/www.paypal.com/nl/home.html?NDQ3
408,/Timing=http://192.168.1.92:8000/with_prefix/www.paypal.com/www.paypal.com/nl/home.html?NDA4
242,/Timing=http://192.168.1.92:8000/with_prefix/www.paypal.com/www.paypal.com/nl/home.html?MjQy
412,/Timing=http://192.168.1.92:8000/with_prefix/www.paypal.com/www.paypal.com/nl/home.html?NDEy
310,/Timing=http://192.168.1.92:8000/with_prefix/www.paypal.com/www.paypal.com/nl/home.html?MzEw
243,/Timing=http://192.168.1.92:8000/with_prefix/www.paypal.com/www.paypal.com/nl/home.html?MjQz
305,/Timing=http://192.168.1.92:8000/with_prefix/www.paypal.com/www.paypal.com/nl/home.html?MzA1
322,/Timing=http://192.168.1.92:8000/with_prefix/www.paypal.com/www.paypal.com/nl/home.html?MzIy
466,/Timing=http://192.168.1.92:8000/with_prefix/www.paypal.com/www.paypal.com/nl/home.html?NDY2
268,/Timing=http://192.168.1.92:8000/without_prefix/www.roblox.com/www.roblox.com/?MjY4
284,/Timing=http://192.168.1.92:8000/without_prefix/www.roblox.com/www.roblox.com/?Mjg0
291,/Timing=http://192.168.1.92:8000/without_prefix/www.roblox.com/www.roblox.com/?Mjkx
322,/Timing=http://192.168.1.92:8000/without_prefix/www.roblox.com/www.roblox.com/?MzIy
228,/Timing=http://192.168.1.92:8000/without_prefix/www.roblox.com/www.roblox.com/?MjI4
202,/Timing=http://192.168.1.92:8000/without_prefix/www.roblox.com/www.roblox.com/?MjAy
174,/Timing=http://192.168.1.92:8000/without_prefix/www.roblox.com/www.roblox.com/?MTc0
396,/Timing=http://192.168.1.92:8000/without_prefix/www.roblox.com/www.roblox.com/?Mzk2
268,/Timing=http://192.168.1.92:8000/without_prefix/www.roblox.com/www.roblox.com/?MjY4
493,/Timing=http://192.168.1.92:8000/without_prefix/www.roblox.com/www.roblox.com/?NDkz
239,/Timing=http://192.168.1.92:8000/without_prefix/www.roblox.com/www.roblox.com/?MjM5
612,/Timing=http://192.168.1.92:8000/without_prefix/www.roblox.com/www.roblox.com/?NjEy
301,/Timing=http://192.168.1.92:8000/without_prefix/www.roblox.com/www.roblox.com/?MzAx
148,/Timing=http://192.168.1.92:8000/without_prefix/www.roblox.com/www.roblox.com/?MTQ4
684,/Timing=http://192.168.1.92:8000/without_prefix/www.roblox.com/www.roblox.com/?Njg0
337,/Timing=http://192.168.1.92:8000/with_prefix/www.roblox.com/www.roblox.com/?MzM3
361,/Timing=http://192.168.1.92:8000/with_prefix/www.roblox.com/www.roblox.com/?MzYx
208,/Timing=http://192.168.1.92:8000/with_prefix/www.roblox.com/www.roblox.com/?MjA4
254,/Timing=http://192.168.1.92:8000/with_prefix/www.roblox.com/www.roblox.com/?MjU0
327,/Timing=http://192.168.1.92:8000/with_prefix/www.roblox.com/www.roblox.com/?MzI3
235,/Timing=http://192.168.1.92:8000/with_prefix/www.roblox.com/www.roblox.com/?MjM1
440,/Timing=http://192.168.1.92:8000/with_prefix/www.roblox.com/www.roblox.com/?NDQw
325,/Timing=http://192.168.1.92:8000/with_prefix/www.roblox.com/www.roblox.com/?MzI1
277,/Timing=http://192.168.1.92:8000/with_prefix/www.roblox.com/www.roblox.com/?Mjc3
186,/Timing=http://192.168.1.92:8000/with_prefix/www.roblox.com/www.roblox.com/?MTg2
265,/Timing=http://192.168.1.92:8000/with_prefix/www.roblox.com/www.roblox.com/?MjY1
185,/Timing=http://192.168.1.92:8000/with_prefix/www.roblox.com/www.roblox.com/?MTg1
2384,/Timing=http://192.168.1.92:8000/with_prefix/www.roblox.com/www.roblox.com/?MjM4NA==
196,/Timing=http://192.168.1.92:8000/with_prefix/www.roblox.com/www.roblox.com/?MTk2
252,/Timing=http://192.168.1.92:8000/without_prefix/www.scribd.com/www.scribd.com/?MjUy
270,/Timing=http://192.168.1.92:8000/without_prefix/www.scribd.com/www.scribd.com/?Mjcw
399,/Timing=http://192.168.1.92:8000/without_prefix/www.scribd.com/www.scribd.com/?Mzk5
2153,/Timing=http://192.168.1.92:8000/without_prefix/www.scribd.com/www.scribd.com/?MjE1Mw==
1178,/Timing=http://192.168.1.92:8000/without_prefix/www.scribd.com/www.scribd.com/?MTE3OA==
296,/Timing=http://192.168.1.92:8000/without_prefix/www.scribd.com/www.scribd.com/?Mjk2
168,/Timing=http://192.168.1.92:8000/without_prefix/www.scribd.com/www.scribd.com/?MTY4
411,/Timing=http://192.168.1.92:8000/without_prefix/www.scribd.com/www.scribd.com/?NDEx
288,/Timing=http://192.168.1.92:8000/without_prefix/www.scribd.com/www.scribd.com/?Mjg4
401,/Timing=http://192.168.1.92:8000/without_prefix/www.scribd.com/www.scribd.com/?NDAx
238,/Timing=http://192.168.1.92:8000/without_prefix/www.scribd.com/www.scribd.com/?MjM4
223,/Timing=http://192.168.1.92:8000/without_prefix/www.scribd.com/www.scribd.com/?MjIz
142,/Timing=http://192.168.1.92:8000/without_prefix/www.scribd.com/www.scribd.com/?MTQy
238,/Timing=http://192.168.1.92:8000/without_prefix/www.scribd.com/www.scribd.com/?MjM4
275,/Timing=http://192.168.1.92:8000/without_prefix/www.scribd.com/www.scribd.com/?Mjc1
239,/Timing=http://192.168.1.92:8000/with_prefix/www.scribd.com/www.scribd.com/?MjM5
223,/Timing=http://192.168.1.92:8000/with_prefix/www.scribd.com/www.scribd.com/?MjIz
466,/Timing=http://192.168.1.92:8000/with_prefix/www.scribd.com/www.scribd.com/?NDY2
158,/Timing=http://192.168.1.92:8000/with_prefix/www.scribd.com/www.scribd.com/?MTU4
319,/Timing=http://192.168.1.92:8000/with_prefix/www.scribd.com/www.scribd.com/?MzE5
210,/Timing=http://192.168.1.92:8000/with_prefix/www.scribd.com/www.scribd.com/?MjEw
307,/Timing=http://192.168.1.92:8000/with_prefix/www.scribd.com/www.scribd.com/?MzA3
189,/Timing=http://192.168.1.92:8000/with_prefix/www.scribd.com/www.scribd.com/?MTg5
275,/Timing=http://192.168.1.92:8000/with_prefix/www.scribd.com/www.scribd.com/?Mjc1
196,/Timing=http://192.168.1.92:8000/with_prefix/www.scribd.com/www.scribd.com/?MTk2
221,/Timing=http://192.168.1.92:8000/with_prefix/www.scribd.com/www.scribd.com/?MjIx
198,/Timing=http://192.168.1.92:8000/with_prefix/www.scribd.com/www.scribd.com/?MTk4
238,/Timing=http://192.168.1.92:8000/with_prefix/www.scribd.com/www.scribd.com/?MjM4
592,/Timing=http://192.168.1.92:8000/with_prefix/www.scribd.com/www.scribd.com/?NTky
297,/Timing=http://192.168.1.92:8000/with_prefix/www.scribd.com/www.scribd.com/?Mjk3
190,/Timing=http://192.168.1.92:8000/without_prefix/www.tripod.lycos.com/www.tripod.lycos.com/?MTkw
300,/Timing=http://192.168.1.92:8000/without_prefix/www.tripod.lycos.com/www.tripod.lycos.com/?MzAw
183,/Timing=http://192.168.1.92:8000/without_prefix/www.tripod.lycos.com/www.tripod.lycos.com/?MTgz
155,/Timing=http://192.168.1.92:8000/without_prefix/www.tripod.lycos.com/www.tripod.lycos.com/?MTU1
266,/Timing=http://192.168.1.92:8000/without_prefix/www.tripod.lycos.com/www.tripod.lycos.com/?MjY2
237,/Timing=http://192.168.1.92:8000/without_prefix/www.tripod.lycos.com/www.tripod.lycos.com/?MjM3
199,/Timing=http://192.168.1.92:8000/without_prefix/www.tripod.lycos.com/www.tripod.lycos.com/?MTk5
169,/Timing=http://192.168.1.92:8000/without_prefix/www.tripod.lycos.com/www.tripod.lycos.com/?MTY5
210,/Timing=http://192.168.1.92:8000/without_prefix/www.tripod.lycos.com/www.tripod.lycos.com/?MjEw
367,/Timing=http://192.168.1.92:8000/without_prefix/www.tripod.lycos.com/www.tripod.lycos.com/?MzY3
162,/Timing=http://192.168.1.92:8000/without_prefix/www.tripod.lycos.com/www.tripod.lycos.com/?MTYy
223,/Timing=http://192.168.1.92:8000/without_prefix/www.tripod.lycos.com/www.tripod.lycos.com/?MjIz
274,/Timing=http://192.168.1.92:8000/without_prefix/www.tripod.lycos.com/www.tripod.lycos.com/?Mjc0
323,/Timing=http://192.168.1.92:8000/without_prefix/www.tripod.lycos.com/www.tripod.lycos.com/?MzIz
135,/Timing=http://192.168.1.92:8000/with_prefix/www.tripod.lycos.com/www.tripod.lycos.com/?MTM1
383,/Timing=http://192.168.1.92:8000/with_prefix/www.tripod.lycos.com/www.tripod.lycos.com/?Mzgz
231,/Timing=http://192.168.1.92:8000/with_prefix/www.tripod.lycos.com/www.tripod.lycos.com/?MjMx
259,/Timing=http://192.168.1.92:8000/with_prefix/www.tripod.lycos.com/www.tripod.lycos.com/?MjU5
210,/Timing=http://192.168.1.92:8000/with_prefix/www.tripod.lycos.com/www.tripod.lycos.com/?MjEw
156,/Timing=http://192.168.1.92:8000/with_prefix/www.tripod.lycos.com/www.tripod.lycos.com/?MTU2
554,/Timing=http://192.168.1.92:8000/with_prefix/www.tripod.lycos.com/www.tripod.lycos.com/?NTU0
679,/Timing=http://192.168.1.92:8000/with_prefix/www.tripod.lycos.com/www.tripod.lycos.com/?Njc5
428,/Timing=http://192.168.1.92:8000/with_prefix/www.tripod.lycos.com/www.tripod.lycos.com/?NDI4
201,/Timing=http://192.168.1.92:8000/with_prefix/www.tripod.lycos.com/www.tripod.lycos.com/?MjAx
73,/Timing=http://192.168.1.92:8000/with_prefix/www.tripod.lycos.com/www.tripod.lycos.com/?NzM=
174,/Timing=http://192.168.1.92:8000/with_prefix/www.tripod.lycos.com/www.tripod.lycos.com/?MTc0
203,/Timing=http://192.168.1.92:8000/with_prefix/www.tripod.lycos.com/www.tripod.lycos.com/?MjAz
176,/Timing=http://192.168.1.92:8000/with_prefix/www.tripod.lycos.com/www.tripod.lycos.com/?MTc2
167,/Timing=http://192.168.1.92:8000/with_prefix/www.tripod.lycos.com/www.tripod.lycos.com/?MTY3
177,/Timing=http://192.168.1.92:8000/without_prefix/www.tumblr.com/www.tumblr.com/?MTc3
264,/Timing=http://192.168.1.92:8000/without_prefix/www.tumblr.com/www.tumblr.com/?MjY0
200,/Timing=http://192.168.1.92:8000/without_prefix/www.tumblr.com/www.tumblr.com/?MjAw
234,/Timing=http://192.168.1.92:8000/without_prefix/www.tumblr.com/www.tumblr.com/?MjM0
230,/Timing=http://192.168.1.92:8000/without_prefix/www.tumblr.com/www.tumblr.com/?MjMw
230,/Timing=http://192.168.1.92:8000/without_prefix/www.tumblr.com/www.tumblr.com/?MjMw
223,/Timing=http://192.168.1.92:8000/without_prefix/www.tumblr.com/www.tumblr.com/?MjIz
227,/Timing=http://192.168.1.92:8000/without_prefix/www.tumblr.com/www.tumblr.com/?MjI3
184,/Timing=http://192.168.1.92:8000/without_prefix/www.tumblr.com/www.tumblr.com/?MTg0
206,/Timing=http://192.168.1.92:8000/without_prefix/www.tumblr.com/www.tumblr.com/?MjA2
139,/Timing=http://192.168.1.92:8000/without_prefix/www.tumblr.com/www.tumblr.com/?MTM5
222,/Timing=http://192.168.1.92:8000/without_prefix/www.tumblr.com/www.tumblr.com/?MjIy
225,/Timing=http://192.168.1.92:8000/without_prefix/www.tumblr.com/www.tumblr.com/?MjI1
183,/Timing=http://192.168.1.92:8000/without_prefix/www.tumblr.com/www.tumblr.com/?MTgz
248,/Timing=http://192.168.1.92:8000/without_prefix/www.tumblr.com/www.tumblr.com/?MjQ4
213,/Timing=http://192.168.1.92:8000/with_prefix/www.tumblr.com/www.tumblr.com/?MjEz
372,/Timing=http://192.168.1.92:8000/with_prefix/www.tumblr.com/www.tumblr.com/?Mzcy
156,/Timing=http://192.168.1.92:8000/with_prefix/www.tumblr.com/www.tumblr.com/?MTU2
261,/Timing=http://192.168.1.92:8000/with_prefix/www.tumblr.com/www.tumblr.com/?MjYx
180,/Timing=http://192.168.1.92:8000/with_prefix/www.tumblr.com/www.tumblr.com/?MTgw
239,/Timing=http://192.168.1.92:8000/with_prefix/www.tumblr.com/www.tumblr.com/?MjM5
198,/Timing=http://192.168.1.92:8000/with_prefix/www.tumblr.com/www.tumblr.com/?MTk4
250,/Timing=http://192.168.1.92:8000/with_prefix/www.tumblr.com/www.tumblr.com/?MjUw
262,/Timing=http://192.168.1.92:8000/with_prefix/www.tumblr.com/www.tumblr.com/?MjYy
209,/Timing=http://192.168.1.92:8000/with_prefix/www.tumblr.com/www.tumblr.com/?MjA5
143,/Timing=http://192.168.1.92:8000/with_prefix/www.tumblr.com/www.tumblr.com/?MTQz
156,/Timing=http://192.168.1.92:8000/with_prefix/www.tumblr.com/www.tumblr.com/?MTU2
196,/Timing=http://192.168.1.92:8000/with_prefix/www.tumblr.com/www.tumblr.com/?MTk2
177,/Timing=http://192.168.1.92:8000/with_prefix/www.tumblr.com/www.tumblr.com/?MTc3
233,http://192.168.1.208:8000/without_prefix/bitly.com/bitly.com/
260,http://192.168.1.208:8000/without_prefix/bitly.com/bitly.com/
456,http://192.168.1.208:8000/without_prefix/bitly.com/bitly.com/
288,http://192.168.1.208:8000/without_prefix/bitly.com/bitly.com/
900,http://192.168.1.208:8000/without_prefix/bitly.com/bitly.com/
239,http://192.168.1.208:8000/without_prefix/bitly.com/bitly.com/
222,http://192.168.1.208:8000/without_prefix/bitly.com/bitly.com/
249,http://192.168.1.208:8000/without_prefix/bitly.com/bitly.com/
240,http://192.168.1.208:8000/without_prefix/bitly.com/bitly.com/
268,http://192.168.1.208:8000/without_prefix/bitly.com/bitly.com/
251,http://192.168.1.208:8000/without_prefix/bitly.com/bitly.com/
162,http://192.168.1.208:8000/without_prefix/bitly.com/bitly.com/
584,http://192.168.1.208:8000/without_prefix/bitly.com/bitly.com/
265,http://192.168.1.208:8000/without_prefix/bitly.com/bitly.com/
239,http://192.168.1.208:8000/without_prefix/bitly.com/bitly.com/
429,http://192.168.1.208:8000/with_prefix/bitly.com/bitly.com/
143,http://192.168.1.208:8000/with_prefix/bitly.com/bitly.com/
203,http://192.168.1.208:8000/with_prefix/bitly.com/bitly.com/
291,http://192.168.1.208:8000/with_prefix/bitly.com/bitly.com/
443,http://192.168.1.208:8000/with_prefix/bitly.com/bitly.com/
228,http://192.168.1.208:8000/with_prefix/bitly.com/bitly.com/
259,http://192.168.1.208:8000/with_prefix/bitly.com/bitly.com/
307,http://192.168.1.208:8000/with_prefix/bitly.com/bitly.com/
359,http://192.168.1.208:8000/with_prefix/bitly.com/bitly.com/
284,http://192.168.1.208:8000/with_prefix/bitly.com/bitly.com/
420,http://192.168.1.208:8000/with_prefix/bitly.com/bitly.com/
339,http://192.168.1.208:8000/with_prefix/bitly.com/bitly.com/
210,http://192.168.1.208:8000/with_prefix/bitly.com/bitly.com/
252,http://192.168.1.208:8000/with_prefix/bitly.com/bitly.com/
268,http://192.168.1.208:8000/with_prefix/bitly.com/bitly.com/
268,http://192.168.1.92:8000/without_prefix/github.com/github.com/
549,http://192.168.1.92:8000/without_prefix/github.com/github.com/
438,http://192.168.1.92:8000/without_prefix/github.com/github.com/
461,http://192.168.1.92:8000/without_prefix/github.com/github.com/
337,http://192.168.1.92:8000/without_prefix/github.com/github.com/
483,http://192.168.1.92:8000/without_prefix/github.com/github.com/
406,http://192.168.1.92:8000/without_prefix/github.com/github.com/
1389,http://192.168.1.92:8000/without_prefix/github.com/github.com/
281,http://192.168.1.92:8000/without_prefix/github.com/github.com/
398,http://192.168.1.92:8000/without_prefix/github.com/github.com/
723,http://192.168.1.92:8000/without_prefix/github.com/github.com/
245,http://192.168.1.92:8000/without_prefix/github.com/github.com/
520,http://192.168.1.92:8000/without_prefix/github.com/github.com/
466,http://192.168.1.92:8000/without_prefix/github.com/github.com/
420,http://192.168.1.92:8000/with_prefix/github.com/github.com/
487,http://192.168.1.92:8000/with_prefix/github.com/github.com/
416,http://192.168.1.92:8000/with_prefix/github.com/github.com/
757,http://192.168.1.92:8000/with_prefix/github.com/github.com/
474,http://192.168.1.92:8000/with_prefix/github.com/github.com/
552,http://192.168.1.92:8000/with_prefix/github.com/github.com/
1382,http://192.168.1.92:8000/with_prefix/github.com/github.com/
389,http://192.168.1.92:8000/with_prefix/github.com/github.com/
719,http://192.168.1.92:8000/with_prefix/github.com/github.com/
536,http://192.168.1.92:8000/with_prefix/github.com/github.com/
341,http://192.168.1.92:8000/with_prefix/github.com/github.com/
854,http://192.168.1.92:8000/with_prefix/github.com/github.com/
479,http://192.168.1.92:8000/with_prefix/github.com/github.com/
531,http://192.168.1.92:8000/with_prefix/github.com/github.com/
754,http://192.168.1.92:8000/with_prefix/github.com/github.com/
276,http://192.168.1.92:8000/without_prefix/nl.quora.com/nl.quora.com/
626,http://192.168.1.92:8000/without_prefix/nl.quora.com/nl.quora.com/
289,http://192.168.1.92:8000/without_prefix/nl.quora.com/nl.quora.com/
1099,http://192.168.1.92:8000/without_prefix/nl.quora.com/nl.quora.com/
453,http://192.168.1.92:8000/without_prefix/nl.quora.com/nl.quora.com/
638,http://192.168.1.92:8000/without_prefix/nl.quora.com/nl.quora.com/
510,http://192.168.1.92:8000/without_prefix/nl.quora.com/nl.quora.com/
1641,http://192.168.1.92:8000/without_prefix/nl.quora.com/nl.quora.com/
1127,http://192.168.1.92:8000/without_prefix/nl.quora.com/nl.quora.com/
669,http://192.168.1.92:8000/without_prefix/nl.quora.com/nl.quora.com/
495,http://192.168.1.92:8000/without_prefix/nl.quora.com/nl.quora.com/
279,http://192.168.1.92:8000/without_prefix/nl.quora.com/nl.quora.com/
422,http://192.168.1.92:8000/without_prefix/nl.quora.com/nl.quora.com/
450,http://192.168.1.92:8000/without_prefix/nl.quora.com/nl.quora.com/
621,http://192.168.1.92:8000/with_prefix/nl.quora.com/nl.quora.com/
424,http://192.168.1.92:8000/with_prefix/nl.quora.com/nl.quora.com/
697,http://192.168.1.92:8000/with_prefix/nl.quora.com/nl.quora.com/
489,http://192.168.1.92:8000/with_prefix/nl.quora.com/nl.quora.com/
651,http://192.168.1.92:8000/with_prefix/nl.quora.com/nl.quora.com/
3222,http://192.168.1.92:8000/with_prefix/nl.quora.com/nl.quora.com/
1059,http://192.168.1.92:8000/with_prefix/nl.quora.com/nl.quora.com/
807,http://192.168.1.92:8000/with_prefix/nl.quora.com/nl.quora.com/
612,http://192.168.1.92:8000/with_prefix/nl.quora.com/nl.quora.com/
571,http://192.168.1.92:8000/with_prefix/nl.quora.com/nl.quora.com/
554,http://192.168.1.92:8000/with_prefix/nl.quora.com/nl.quora.com/
944,http://192.168.1.92:8000/with_prefix/nl.quora.com/nl.quora.com/
664,http://192.168.1.92:8000/with_prefix/nl.quora.com/nl.quora.com/
455,http://192.168.1.92:8000/with_prefix/nl.quora.com/nl.quora.com/
298,http://192.168.1.92:8000/without_prefix/nl.surveymonkey.com/nl.surveymonkey.com/
174,http://192.168.1.92:8000/without_prefix/nl.surveymonkey.com/nl.surveymonkey.com/
221,http://192.168.1.92:8000/without_prefix/nl.surveymonkey.com/nl.surveymonkey.com/
201,http://192.168.1.92:8000/without_prefix/nl.surveymonkey.com/nl.surveymonkey.com/
224,http://192.168.1.92:8000/without_prefix/nl.surveymonkey.com/nl.surveymonkey.com/
154,http://192.168.1.92:8000/without_prefix/nl.surveymonkey.com/nl.surveymonkey.com/
154,http://192.168.1.92:8000/without_prefix/nl.surveymonkey.com/nl.surveymonkey.com/
253,http://192.168.1.92:8000/without_prefix/nl.surveymonkey.com/nl.surveymonkey.com/
224,http://192.168.1.92:8000/without_prefix/nl.surveymonkey.com/nl.surveymonkey.com/
185,http://192.168.1.92:8000/without_prefix/nl.surveymonkey.com/nl.surveymonkey.com/
225,http://192.168.1.92:8000/without_prefix/nl.surveymonkey.com/nl.surveymonkey.com/
251,http://192.168.1.92:8000/without_prefix/nl.surveymonkey.com/nl.surveymonkey.com/
238,http://192.168.1.92:8000/without_prefix/nl.surveymonkey.com/nl.surveymonkey.com/
183,http://192.168.1.92:8000/without_prefix/nl.surveymonkey.com/nl.surveymonkey.com/
217,http://192.168.1.92:8000/without_prefix/nl.surveymonkey.com/nl.surveymonkey.com/
106,http://192.168.1.92:8000/with_prefix/nl.surveymonkey.com/nl.surveymonkey.com/
197,http://192.168.1.92:8000/with_prefix/nl.surveymonkey.com/nl.surveymonkey.com/
198,http://192.168.1.92:8000/with_prefix/nl.surveymonkey.com/nl.surveymonkey.com/
178,http://192.168.1.92:8000/with_prefix/nl.surveymonkey.com/nl.surveymonkey.com/
248,http://192.168.1.92:8000/with_prefix/nl.surveymonkey.com/nl.surveymonkey.com/
196,http://192.168.1.92:8000/with_prefix/nl.surveymonkey.com/nl.surveymonkey.com/
177,http://192.168.1.92:8000/with_prefix/nl.surveymonkey.com/nl.surveymonkey.com/
277,http://192.168.1.92:8000/with_prefix/nl.surveymonkey.com/nl.surveymonkey.com/
240,http://192.168.1.92:8000/with_prefix/nl.surveymonkey.com/nl.surveymonkey.com/
101,http://192.168.1.92:8000/with_prefix/nl.surveymonkey.com/nl.surveymonkey.com/
248,http://192.168.1.92:8000/with_prefix/nl.surveymonkey.com/nl.surveymonkey.com/
241,http://192.168.1.92:8000/with_prefix/nl.surveymonkey.com/nl.surveymonkey.com/
229,http://192.168.1.92:8000/with_prefix/nl.surveymonkey.com/nl.surveymonkey.com/
238,http://192.168.1.92:8000/with_prefix/nl.surveymonkey.com/nl.surveymonkey.com/
110,http://192.168.1.92:8000/with_prefix/nl.surveymonkey.com/nl.surveymonkey.com/
193,http://192.168.1.92:8000/without_prefix/outlook.live.com/outlook.live.com/owa/
187,http://192.168.1.92:8000/without_prefix/outlook.live.com/outlook.live.com/owa/
100,http://192.168.1.92:8000/without_prefix/outlook.live.com/outlook.live.com/owa/
223,http://192.168.1.92:8000/without_prefix/outlook.live.com/outlook.live.com/owa/
239,http://192.168.1.92:8000/without_prefix/outlook.live.com/outlook.live.com/owa/
162,http://192.168.1.92:8000/without_prefix/outlook.live.com/outlook.live.com/owa/
171,http://192.168.1.92:8000/without_prefix/outlook.live.com/outlook.live.com/owa/
170,http://192.168.1.92:8000/without_prefix/outlook.live.com/outlook.live.com/owa/
155,http://192.168.1.92:8000/without_prefix/outlook.live.com/outlook.live.com/owa/
152,http://192.168.1.92:8000/without_prefix/outlook.live.com/outlook.live.com/owa/
209,http://192.168.1.92:8000/without_prefix/outlook.live.com/outlook.live.com/owa/
174,http://192.168.1.92:8000/without_prefix/outlook.live.com/outlook.live.com/owa/
216,http://192.168.1.92:8000/without_prefix/outlook.live.com/outlook.live.com/owa/
167,http://192.168.1.92:8000/without_prefix/outlook.live.com/outlook.live.com/owa/
135,http://192.168.1.92:8000/without_prefix/outlook.live.com/outlook.live.com/owa/
146,http://192.168.1.92:8000/with_prefix/outlook.live.com/outlook.live.com/owa/
202,http://192.168.1.92:8000/with_prefix/outlook.live.com/outlook.live.com/owa/
199,http://192.168.1.92:8000/with_prefix/outlook.live.com/outlook.live.com/owa/
216,http://192.168.1.92:8000/with_prefix/outlook.live.com/outlook.live.com/owa/
211,http://192.168.1.92:8000/with_prefix/outlook.live.com/outlook.live.com/owa/
159,http://192.168.1.92:8000/with_prefix/outlook.live.com/outlook.live.com/owa/
120,http://192.168.1.92:8000/with_prefix/outlook.live.com/outlook.live.com/owa/
244,http://192.168.1.92:8000/with_prefix/outlook.live.com/outlook.live.com/owa/
210,http://192.168.1.92:8000/with_prefix/outlook.live.com/outlook.live.com/owa/
160,http://192.168.1.92:8000/with_prefix/outlook.live.com/outlook.live.com/owa/
185,http://192.168.1.92:8000/with_prefix/outlook.live.com/outlook.live.com/owa/
198,http://192.168.1.92:8000/with_prefix/outlook.live.com/outlook.live.com/owa/
133,http://192.168.1.92:8000/with_prefix/outlook.live.com/outlook.live.com/owa/
213,http://192.168.1.92:8000/with_prefix/outlook.live.com/outlook.live.com/owa/
151,http://192.168.1.92:8000/with_prefix/outlook.live.com/outlook.live.com/owa/
637,http://192.168.1.92:8000/without_prefix/pubmatic.com/pubmatic.com/
333,http://192.168.1.92:8000/without_prefix/pubmatic.com/pubmatic.com/
275,http://192.168.1.92:8000/without_prefix/pubmatic.com/pubmatic.com/
264,http://192.168.1.92:8000/without_prefix/pubmatic.com/pubmatic.com/
635,http://192.168.1.92:8000/without_prefix/pubmatic.com/pubmatic.com/
273,http://192.168.1.92:8000/without_prefix/pubmatic.com/pubmatic.com/
587,http://192.168.1.92:8000/without_prefix/pubmatic.com/pubmatic.com/
478,http://192.168.1.92:8000/without_prefix/pubmatic.com/pubmatic.com/
205,http://192.168.1.92:8000/without_prefix/pubmatic.com/pubmatic.com/
242,http://192.168.1.92:8000/without_prefix/pubmatic.com/pubmatic.com/
226,http://192.168.1.92:8000/without_prefix/pubmatic.com/pubmatic.com/
274,http://192.168.1.92:8000/without_prefix/pubmatic.com/pubmatic.com/
271,http://192.168.1.92:8000/without_prefix/pubmatic.com/pubmatic.com/
266,http://192.168.1.92:8000/without_prefix/pubmatic.com/pubmatic.com/
291,http://192.168.1.92:8000/without_prefix/pubmatic.com/pubmatic.com/
235,http://192.168.1.92:8000/with_prefix/pubmatic.com/pubmatic.com/
741,http://192.168.1.92:8000/with_prefix/pubmatic.com/pubmatic.com/
223,http://192.168.1.92:8000/with_prefix/pubmatic.com/pubmatic.com/
326,http://192.168.1.92:8000/with_prefix/pubmatic.com/pubmatic.com/
315,http://192.168.1.92:8000/with_prefix/pubmatic.com/pubmatic.com/
1109,http://192.168.1.92:8000/with_prefix/pubmatic.com/pubmatic.com/
318,http://192.168.1.92:8000/with_prefix/pubmatic.com/pubmatic.com/
384,http://192.168.1.92:8000/with_prefix/pubmatic.com/pubmatic.com/
168,http://192.168.1.92:8000/with_prefix/pubmatic.com/pubmatic.com/
278,http://192.168.1.92:8000/with_prefix/pubmatic.com/pubmatic.com/
3339,http://192.168.1.92:8000/with_prefix/pubmatic.com/pubmatic.com/
270,http://192.168.1.92:8000/with_prefix/pubmatic.com/pubmatic.com/
415,http://192.168.1.92:8000/with_prefix/pubmatic.com/pubmatic.com/
694,http://192.168.1.92:8000/without_prefix/stackexchange.com/stackexchange.com/
618,http://192.168.1.92:8000/without_prefix/stackexchange.com/stackexchange.com/
1179,http://192.168.1.92:8000/without_prefix/stackexchange.com/stackexchange.com/
361,http://192.168.1.92:8000/without_prefix/stackexchange.com/stackexchange.com/
494,http://192.168.1.92:8000/without_prefix/stackexchange.com/stackexchange.com/
416,http://192.168.1.92:8000/without_prefix/stackexchange.com/stackexchange.com/
415,http://192.168.1.92:8000/without_prefix/stackexchange.com/stackexchange.com/
414,http://192.168.1.92:8000/without_prefix/stackexchange.com/stackexchange.com/
550,http://192.168.1.92:8000/without_prefix/stackexchange.com/stackexchange.com/
492,http://192.168.1.92:8000/without_prefix/stackexchange.com/stackexchange.com/
584,http://192.168.1.92:8000/without_prefix/stackexchange.com/stackexchange.com/
315,http://192.168.1.92:8000/without_prefix/stackexchange.com/stackexchange.com/
488,http://192.168.1.92:8000/without_prefix/stackexchange.com/stackexchange.com/
737,http://192.168.1.92:8000/without_prefix/stackexchange.com/stackexchange.com/
339,http://192.168.1.92:8000/without_prefix/stackexchange.com/stackexchange.com/
476,http://192.168.1.92:8000/with_prefix/stackexchange.com/stackexchange.com/
399,http://192.168.1.92:8000/with_prefix/stackexchange.com/stackexchange.com/
414,http://192.168.1.92:8000/with_prefix/stackexchange.com/stackexchange.com/
428,http://192.168.1.92:8000/with_prefix/stackexchange.com/stackexchange.com/
279,http://192.168.1.92:8000/with_prefix/stackexchange.com/stackexchange.com/
490,http://192.168.1.92:8000/with_prefix/stackexchange.com/stackexchange.com/
485,http://192.168.1.92:8000/with_prefix/stackexchange.com/stackexchange.com/
428,http://192.168.1.92:8000/with_prefix/stackexchange.com/stackexchange.com/
294,http://192.168.1.92:8000/with_prefix/stackexchange.com/stackexchange.com/
295,http://192.168.1.92:8000/with_prefix/stackexchange.com/stackexchange.com/
518,http://192.168.1.92:8000/with_prefix/stackexchange.com/stackexchange.com/
518,http://192.168.1.92:8000/with_prefix/stackexchange.com/stackexchange.com/
388,http://192.168.1.92:8000/with_prefix/stackexchange.com/stackexchange.com/
529,http://192.168.1.92:8000/with_prefix/stackexchange.com/stackexchange.com/
640,http://192.168.1.92:8000/with_prefix/stackexchange.com/stackexchange.com/
439,"""http://192.168.1.92:8000/without_prefix/stackoverflow.com/stackoverflow.com/"
636,"""http://192.168.1.92:8000/without_prefix/stackoverflow.com/stackoverflow.com/"
415,"""http://192.168.1.92:8000/without_prefix/stackoverflow.com/stackoverflow.com/"
265,"""http://192.168.1.92:8000/without_prefix/stackoverflow.com/stackoverflow.com/"
377,"""http://192.168.1.92:8000/without_prefix/stackoverflow.com/stackoverflow.com/"
562,"""http://192.168.1.92:8000/without_prefix/stackoverflow.com/stackoverflow.com/"
547,"""http://192.168.1.92:8000/without_prefix/stackoverflow.com/stackoverflow.com/"
456,"""http://192.168.1.92:8000/without_prefix/stackoverflow.com/stackoverflow.com/"
381,"""http://192.168.1.92:8000/without_prefix/stackoverflow.com/stackoverflow.com/"
439,"""http://192.168.1.92:8000/without_prefix/stackoverflow.com/stackoverflow.com/"
671,"""http://192.168.1.92:8000/without_prefix/stackoverflow.com/stackoverflow.com/"
368,"""http://192.168.1.92:8000/without_prefix/stackoverflow.com/stackoverflow.com/"
466,"""http://192.168.1.92:8000/without_prefix/stackoverflow.com/stackoverflow.com/"
539,"""http://192.168.1.92:8000/without_prefix/stackoverflow.com/stackoverflow.com/"
382,"""http://192.168.1.92:8000/without_prefix/stackoverflow.com/stackoverflow.com/"
418,http://192.168.1.92:8000/with_prefix/stackoverflow.com/stackoverflow.com/
450,http://192.168.1.92:8000/with_prefix/stackoverflow.com/stackoverflow.com/
504,http://192.168.1.92:8000/with_prefix/stackoverflow.com/stackoverflow.com/
355,http://192.168.1.92:8000/with_prefix/stackoverflow.com/stackoverflow.com/
563,http://192.168.1.92:8000/with_prefix/stackoverflow.com/stackoverflow.com/
518,http://192.168.1.92:8000/with_prefix/stackoverflow.com/stackoverflow.com/
441,http://192.168.1.92:8000/with_prefix/stackoverflow.com/stackoverflow.com/
814,http://192.168.1.92:8000/with_prefix/stackoverflow.com/stackoverflow.com/
610,http://192.168.1.92:8000/with_prefix/stackoverflow.com/stackoverflow.com/
438,http://192.168.1.92:8000/with_prefix/stackoverflow.com/stackoverflow.com/
843,http://192.168.1.92:8000/with_prefix/stackoverflow.com/stackoverflow.com/
477,http://192.168.1.92:8000/with_prefix/stackoverflow.com/stackoverflow.com/
