,id,website
0,1,google.com
1,2,facebook.com
2,3,netflix.com
3,4,youtube.com
4,5,twitter.com
5,6,microsoft.com
6,7,amazon.com
7,8,tmall.com
8,9,linkedin.com
9,10,instagram.com
10,11,baidu.com
12,13,apple.com
13,14,qq.com
14,15,yahoo.com
15,16,sohu.com
16,17,live.com
17,18,taobao.com
18,19,yelp.com
19,20,adobe.com
20,21,wikipedia.com
21,22,googletagmanager.com
22,23,pinterest.com
23,24,blogspot.com
25,26,windowsupdate.com
27,28,bing.com
28,29,msn.com
29,30,fandom.com
30,31,reddit.com
31,32,jd.com
32,33,weibo.com
33,34,wordpress.com
34,35,sina.com.cn
35,36,vimeo.com
37,38,amazonaws.com
38,39,ebay.com
39,40,vk.com
40,41,office.com
41,42,buzzfeed.com
43,44,giphy.com
44,45,macromedia.com
45,46,github.com
46,47,tumblr.com
48,49,googleusercontent.com
49,50,google-analytics.com
50,51,imgur.com
51,52,godaddy.com
52,53,xinhuanet.com
53,54,alipay.com
54,55,dropbox.com
56,57,espn.com
